scale,n_block,intensity_index,k_events,trial,attempt,baseline,stage,failure_reason,detail,graph_nodes,graph_edges
small,2,2,3,25,,B4_Proposed_LPA_Layered,accepted_trial,event_path_disconnected,fail_in_event_stream,2142,9486
small,2,2,3,25,,B2_GlobalAstar_Layered,accepted_trial,event_path_disconnected,fail_in_event_stream,2142,9486
small,2,2,3,30,,B4_Proposed_LPA_Layered,accepted_trial,event_path_disconnected,fail_in_event_stream,2142,9486
small,2,2,3,30,,B2_GlobalAstar_Layered,accepted_trial,event_path_disconnected,fail_in_event_stream,2142,9486
small,2,2,5,1,,B4_Proposed_LPA_Layered,accepted_trial,event_path_disconnected,fail_in_event_stream,2142,9486
small,2,2,5,1,,B2_GlobalAstar_Layered,accepted_trial,event_path_disconnected,fail_in_event_stream,2142,9486
small,2,2,5,3,,B4_Proposed_LPA_Layered,accepted_trial,event_path_disconnected,fail_in_event_stream,2142,9486
small,2,2,5,3,,B2_GlobalAstar_Layered,accepted_trial,event_path_disconnected,fail_in_event_stream,2142,9486
small,2,2,5,13,,B4_Proposed_LPA_Layered,accepted_trial,event_path_disconnected,fail_in_event_stream,2142,9486
small,2,2,5,13,,B2_GlobalAstar_Layered,accepted_trial,event_path_disconnected,fail_in_event_stream,2142,9486
small,2,2,7,22,,B4_Proposed_LPA_Layered,accepted_trial,event_path_disconnected,fail_in_event_stream,2142,9486
small,2,2,7,22,,B2_GlobalAstar_Layered,accepted_trial,event_path_disconnected,fail_in_event_stream,2142,9486
small,2,2,10,10,,B4_Proposed_LPA_Layered,accepted_trial,event_path_disconnected,fail_in_event_stream,2142,9486
small,2,2,10,10,,B2_GlobalAstar_Layered,accepted_trial,event_path_disconnected,fail_in_event_stream,2142,9486
small,2,2,10,30,,B4_Proposed_LPA_Layered,accepted_trial,event_path_disconnected,fail_in_event_stream,2142,9486
small,2,2,10,30,,B2_GlobalAstar_Layered,accepted_trial,event_path_disconnected,fail_in_event_stream,2142,9486
small,4,4,1,6,,B4_Proposed_LPA_Layered,accepted_trial,event_path_disconnected,fail_in_event_stream,2142,9486
small,4,4,1,6,,B2_GlobalAstar_Layered,accepted_trial,event_path_disconnected,fail_in_event_stream,2142,9486
small,4,4,1,17,,B4_Proposed_LPA_Layered,accepted_trial,event_path_disconnected,fail_in_event_stream,2142,9486
small,4,4,1,17,,B2_GlobalAstar_Layered,accepted_trial,event_path_disconnected,fail_in_event_stream,2142,9486
small,4,4,1,20,,B4_Proposed_LPA_Layered,accepted_trial,event_path_disconnected,fail_in_event_stream,2142,9486
small,4,4,1,20,,B2_GlobalAstar_Layered,accepted_trial,event_path_disconnected,fail_in_event_stream,2142,9486
small,4,4,3,1,,B4_Proposed_LPA_Layered,accepted_trial,event_path_disconnected,fail_in_event_stream,2142,9486
small,4,4,3,1,,B2_GlobalAstar_Layered,accepted_trial,event_path_disconnected,fail_in_event_stream,2142,9486
small,4,4,3,3,,B4_Proposed_LPA_Layered,accepted_trial,event_path_disconnected,fail_in_event_stream,2142,9486
small,4,4,3,3,,B2_GlobalAstar_Layered,accepted_trial,event_path_disconnected,fail_in_event_stream,2142,9486
small,4,4,3,4,,B4_Proposed_LPA_Layered,accepted_trial,event_path_disconnected,fail_in_event_stream,2142,9486
small,4,4,3,4,,B2_GlobalAstar_Layered,accepted_trial,event_path_disconnected,fail_in_event_stream,2142,9486
small,4,4,3,9,,B4_Proposed_LPA_Layered,accepted_trial,event_path_disconnected,fail_in_event_stream,2142,9486
small,4,4,3,9,,B2_GlobalAstar_Layered,accepted_trial,event_path_disconnected,fail_in_event_stream,2142,9486
small,4,4,3,14,,B4_Proposed_LPA_Layered,accepted_trial,event_path_disconnected,fail_in_event_stream,2142,9486
small,4,4,3,14,,B2_GlobalAstar_Layered,accepted_trial,event_path_disconnected,fail_in_event_stream,2142,9486
small,4,4,3,26,,B4_Proposed_LPA_Layered,accepted_trial,event_path_disconnected,fail_in_event_stream,2142,9486
small,4,4,3,26,,B2_GlobalAstar_Layered,accepted_trial,event_path_disconnected,fail_in_event_stream,2142,9486
small,4,4,3,28,,B4_Proposed_LPA_Layered,accepted_trial,event_path_disconnected,fail_in_event_stream,2142,9486
small,4,4,3,28,,B2_GlobalAstar_Layered,accepted_trial,event_path_disconnected,fail_in_event_stream,2142,9486
small,4,4,5,2,,B4_Proposed_LPA_Layered,accepted_trial,event_path_disconnected,fail_in_event_stream,2142,9486
small,4,4,5,2,,B2_GlobalAstar_Layered,accepted_trial,event_path_disconnected,fail_in_event_stream,2142,9486
small,4,4,5,4,,B4_Proposed_LPA_Layered,accepted_trial,event_path_disconnected,fail_in_event_stream,2142,9486
small,4,4,5,4,,B2_GlobalAstar_Layered,accepted_trial,event_path_disconnected,fail_in_event_stream,2142,9486
small,4,4,5,7,,B4_Proposed_LPA_Layered,accepted_trial,event_path_disconnected,fail_in_event_stream,2142,9486
small,4,4,5,7,,B2_GlobalAstar_Layered,accepted_trial,event_path_disconnected,fail_in_event_stream,2142,9486
small,4,4,5,9,,B4_Proposed_LPA_Layered,accepted_trial,event_path_disconnected,fail_in_event_stream,2142,9486
small,4,4,5,9,,B2_GlobalAstar_Layered,accepted_trial,event_path_disconnected,fail_in_event_stream,2142,9486
small,4,4,5,10,,B4_Proposed_LPA_Layered,accepted_trial,event_path_disconnected,fail_in_event_stream,2142,9486
small,4,4,5,10,,B2_GlobalAstar_Layered,accepted_trial,event_path_disconnected,fail_in_event_stream,2142,9486
small,4,4,5,11,,B4_Proposed_LPA_Layered,accepted_trial,event_path_disconnected,fail_in_event_stream,2142,9486
small,4,4,5,11,,B2_GlobalAstar_Layered,accepted_trial,event_path_disconnected,fail_in_event_stream,2142,9486
small,4,4,5,14,,B4_Proposed_LPA_Layered,accepted_trial,event_path_disconnected,fail_in_event_stream,2142,9486
small,4,4,5,14,,B2_GlobalAstar_Layered,accepted_trial,event_path_disconnected,fail_in_event_stream,2142,9486
small,4,4,5,18,,B4_Proposed_LPA_Layered,accepted_trial,event_path_disconnected,fail_in_event_stream,2142,9486
small,4,4,5,18,,B2_GlobalAstar_Layered,accepted_trial,event_path_disconnected,fail_in_event_stream,2142,9486
small,4,4,5,19,,B4_Proposed_LPA_Layered,accepted_trial,event_path_disconnected,fail_in_event_stream,2142,9486
small,4,4,5,19,,B2_GlobalAstar_Layered,accepted_trial,event_path_disconnected,fail_in_event_stream,2142,9486
small,4,4,5,20,,B4_Proposed_LPA_Layered,accepted_trial,event_path_disconnected,fail_in_event_stream,2142,9486
small,4,4,5,20,,B2_GlobalAstar_Layered,accepted_trial,event_path_disconnected,fail_in_event_stream,2142,9486
small,4,4,5,21,,B4_Proposed_LPA_Layered,accepted_trial,event_path_disconnected,fail_in_event_stream,2142,9486
small,4,4,5,21,,B2_GlobalAstar_Layered,accepted_trial,event_path_disconnected,fail_in_event_stream,2142,9486
small,4,4,5,22,,B4_Proposed_LPA_Layered,accepted_trial,event_path_disconnected,fail_in_event_stream,2142,9486
small,4,4,5,22,,B2_GlobalAstar_Layered,accepted_trial,event_path_disconnected,fail_in_event_stream,2142,9486
small,4,4,5,23,,B4_Proposed_LPA_Layered,accepted_trial,event_path_disconnected,fail_in_event_stream,2142,9486
small,4,4,5,23,,B2_GlobalAstar_Layered,accepted_trial,event_path_disconnected,fail_in_event_stream,2142,9486
small,4,4,5,28,,B4_Proposed_LPA_Layered,accepted_trial,event_path_disconnected,fail_in_event_stream,2142,9486
small,4,4,5,28,,B2_GlobalAstar_Layered,accepted_trial,event_path_disconnected,fail_in_event_stream,2142,9486
small,4,4,7,1,,B4_Proposed_LPA_Layered,accepted_trial,event_path_disconnected,fail_in_event_stream,2142,9486
small,4,4,7,1,,B2_GlobalAstar_Layered,accepted_trial,event_path_disconnected,fail_in_event_stream,2142,9486
small,4,4,7,3,,B4_Proposed_LPA_Layered,accepted_trial,event_path_disconnected,fail_in_event_stream,2142,9486
small,4,4,7,3,,B2_GlobalAstar_Layered,accepted_trial,event_path_disconnected,fail_in_event_stream,2142,9486
small,4,4,7,6,,B4_Proposed_LPA_Layered,accepted_trial,event_path_disconnected,fail_in_event_stream,2142,9486
small,4,4,7,6,,B2_GlobalAstar_Layered,accepted_trial,event_path_disconnected,fail_in_event_stream,2142,9486
small,4,4,7,10,,B4_Proposed_LPA_Layered,accepted_trial,event_path_disconnected,fail_in_event_stream,2142,9486
small,4,4,7,10,,B2_GlobalAstar_Layered,accepted_trial,event_path_disconnected,fail_in_event_stream,2142,9486
small,4,4,7,11,,B4_Proposed_LPA_Layered,accepted_trial,event_path_disconnected,fail_in_event_stream,2142,9486
small,4,4,7,11,,B2_GlobalAstar_Layered,accepted_trial,event_path_disconnected,fail_in_event_stream,2142,9486
small,4,4,7,12,,B4_Proposed_LPA_Layered,accepted_trial,event_path_disconnected,fail_in_event_stream,2142,9486
small,4,4,7,12,,B2_GlobalAstar_Layered,accepted_trial,event_path_disconnected,fail_in_event_stream,2142,9486
small,4,4,7,13,,B4_Proposed_LPA_Layered,accepted_trial,event_path_disconnected,fail_in_event_stream,2142,9486
small,4,4,7,13,,B2_GlobalAstar_Layered,accepted_trial,event_path_disconnected,fail_in_event_stream,2142,9486
small,4,4,7,16,,B4_Proposed_LPA_Layered,accepted_trial,event_path_disconnected,fail_in_event_stream,2142,9486
small,4,4,7,16,,B2_GlobalAstar_Layered,accepted_trial,event_path_disconnected,fail_in_event_stream,2142,9486
small,4,4,7,18,,B4_Proposed_LPA_Layered,accepted_trial,event_path_disconnected,fail_in_event_stream,2142,9486
small,4,4,7,18,,B2_GlobalAstar_Layered,accepted_trial,event_path_disconnected,fail_in_event_stream,2142,9486
small,4,4,7,21,,B4_Proposed_LPA_Layered,accepted_trial,event_path_disconnected,fail_in_event_stream,2142,9486
small,4,4,7,21,,B2_GlobalAstar_Layered,accepted_trial,event_path_disconnected,fail_in_event_stream,2142,9486
small,4,4,7,22,,B4_Proposed_LPA_Layered,accepted_trial,event_path_disconnected,fail_in_event_stream,2142,9486
small,4,4,7,22,,B2_GlobalAstar_Layered,accepted_trial,event_path_disconnected,fail_in_event_stream,2142,9486
small,4,4,7,26,,B4_Proposed_LPA_Layered,accepted_trial,event_path_disconnected,fail_in_event_stream,2142,9486
small,4,4,7,26,,B2_GlobalAstar_Layered,accepted_trial,event_path_disconnected,fail_in_event_stream,2142,9486
small,4,4,7,28,,B4_Proposed_LPA_Layered,accepted_trial,event_path_disconnected,fail_in_event_stream,2142,9486
small,4,4,7,28,,B2_GlobalAstar_Layered,accepted_trial,event_path_disconnected,fail_in_event_stream,2142,9486
small,4,4,10,1,,B4_Proposed_LPA_Layered,accepted_trial,event_path_disconnected,fail_in_event_stream,2142,9486
small,4,4,10,1,,B2_GlobalAstar_Layered,accepted_trial,event_path_disconnected,fail_in_event_stream,2142,9486
small,4,4,10,3,,B4_Proposed_LPA_Layered,accepted_trial,event_path_disconnected,fail_in_event_stream,2142,9486
small,4,4,10,3,,B2_GlobalAstar_Layered,accepted_trial,event_path_disconnected,fail_in_event_stream,2142,9486
small,4,4,10,4,,B4_Proposed_LPA_Layered,accepted_trial,event_path_disconnected,fail_in_event_stream,2142,9486
small,4,4,10,4,,B2_GlobalAstar_Layered,accepted_trial,event_path_disconnected,fail_in_event_stream,2142,9486
small,4,4,10,5,,B4_Proposed_LPA_Layered,accepted_trial,event_path_disconnected,fail_in_event_stream,2142,9486
small,4,4,10,5,,B2_GlobalAstar_Layered,accepted_trial,event_path_disconnected,fail_in_event_stream,2142,9486
small,4,4,10,7,,B4_Proposed_LPA_Layered,accepted_trial,event_path_disconnected,fail_in_event_stream,2142,9486
small,4,4,10,7,,B2_GlobalAstar_Layered,accepted_trial,event_path_disconnected,fail_in_event_stream,2142,9486
small,4,4,10,9,,B4_Proposed_LPA_Layered,accepted_trial,event_path_disconnected,fail_in_event_stream,2142,9486
small,4,4,10,9,,B2_GlobalAstar_Layered,accepted_trial,event_path_disconnected,fail_in_event_stream,2142,9486
small,4,4,10,12,,B4_Proposed_LPA_Layered,accepted_trial,event_path_disconnected,fail_in_event_stream,2142,9486
small,4,4,10,12,,B2_GlobalAstar_Layered,accepted_trial,event_path_disconnected,fail_in_event_stream,2142,9486
small,4,4,10,14,,B4_Proposed_LPA_Layered,accepted_trial,event_path_disconnected,fail_in_event_stream,2142,9486
small,4,4,10,14,,B2_GlobalAstar_Layered,accepted_trial,event_path_disconnected,fail_in_event_stream,2142,9486
small,4,4,10,15,,B4_Proposed_LPA_Layered,accepted_trial,event_path_disconnected,fail_in_event_stream,2142,9486
small,4,4,10,15,,B2_GlobalAstar_Layered,accepted_trial,event_path_disconnected,fail_in_event_stream,2142,9486
small,4,4,10,16,,B4_Proposed_LPA_Layered,accepted_trial,event_path_disconnected,fail_in_event_stream,2142,9486
small,4,4,10,16,,B2_GlobalAstar_Layered,accepted_trial,event_path_disconnected,fail_in_event_stream,2142,9486
small,4,4,10,20,,B4_Proposed_LPA_Layered,accepted_trial,event_path_disconnected,fail_in_event_stream,2142,9486
small,4,4,10,20,,B2_GlobalAstar_Layered,accepted_trial,event_path_disconnected,fail_in_event_stream,2142,9486
small,4,4,10,25,,B4_Proposed_LPA_Layered,accepted_trial,event_path_disconnected,fail_in_event_stream,2142,9486
small,4,4,10,25,,B2_GlobalAstar_Layered,accepted_trial,event_path_disconnected,fail_in_event_stream,2142,9486
small,4,4,10,28,,B4_Proposed_LPA_Layered,accepted_trial,event_path_disconnected,fail_in_event_stream,2142,9486
small,4,4,10,28,,B2_GlobalAstar_Layered,accepted_trial,event_path_disconnected,fail_in_event_stream,2142,9486
small,4,4,10,29,,B4_Proposed_LPA_Layered,accepted_trial,event_path_disconnected,fail_in_event_stream,2142,9486
small,4,4,10,29,,B2_GlobalAstar_Layered,accepted_trial,event_path_disconnected,fail_in_event_stream,2142,9486
small,4,4,10,30,,B4_Proposed_LPA_Layered,accepted_trial,event_path_disconnected,fail_in_event_stream,2142,9486
small,4,4,10,30,,B2_GlobalAstar_Layered,accepted_trial,event_path_disconnected,fail_in_event_stream,2142,9486
small,6,6,1,1,,B4_Proposed_LPA_Layered,accepted_trial,event_path_disconnected,fail_in_event_stream,2142,9486
small,6,6,1,1,,B2_GlobalAstar_Layered,accepted_trial,event_path_disconnected,fail_in_event_stream,2142,9486
small,6,6,1,3,,B4_Proposed_LPA_Layered,accepted_trial,event_path_disconnected,fail_in_event_stream,2142,9486
small,6,6,1,3,,B2_GlobalAstar_Layered,accepted_trial,event_path_disconnected,fail_in_event_stream,2142,9486
small,6,6,1,8,,B4_Proposed_LPA_Layered,accepted_trial,event_path_disconnected,fail_in_event_stream,2142,9486
small,6,6,1,8,,B2_GlobalAstar_Layered,accepted_trial,event_path_disconnected,fail_in_event_stream,2142,9486
small,6,6,1,9,,B4_Proposed_LPA_Layered,accepted_trial,event_path_disconnected,fail_in_event_stream,2142,9486
small,6,6,1,9,,B2_GlobalAstar_Layered,accepted_trial,event_path_disconnected,fail_in_event_stream,2142,9486
small,6,6,1,11,,B4_Proposed_LPA_Layered,accepted_trial,event_path_disconnected,fail_in_event_stream,2142,9486
small,6,6,1,11,,B2_GlobalAstar_Layered,accepted_trial,event_path_disconnected,fail_in_event_stream,2142,9486
small,6,6,1,13,,B4_Proposed_LPA_Layered,accepted_trial,event_path_disconnected,fail_in_event_stream,2142,9486
small,6,6,1,13,,B2_GlobalAstar_Layered,accepted_trial,event_path_disconnected,fail_in_event_stream,2142,9486
small,6,6,1,18,,B4_Proposed_LPA_Layered,accepted_trial,event_path_disconnected,fail_in_event_stream,2142,9486
small,6,6,1,18,,B2_GlobalAstar_Layered,accepted_trial,event_path_disconnected,fail_in_event_stream,2142,9486
small,6,6,1,21,,B4_Proposed_LPA_Layered,accepted_trial,event_path_disconnected,fail_in_event_stream,2142,9486
small,6,6,1,21,,B2_GlobalAstar_Layered,accepted_trial,event_path_disconnected,fail_in_event_stream,2142,9486
small,6,6,1,22,,B4_Proposed_LPA_Layered,accepted_trial,event_path_disconnected,fail_in_event_stream,2142,9486
small,6,6,1,22,,B2_GlobalAstar_Layered,accepted_trial,event_path_disconnected,fail_in_event_stream,2142,9486
small,6,6,1,23,,B4_Proposed_LPA_Layered,accepted_trial,event_path_disconnected,fail_in_event_stream,2142,9486
small,6,6,1,23,,B2_GlobalAstar_Layered,accepted_trial,event_path_disconnected,fail_in_event_stream,2142,9486
small,6,6,1,26,,B4_Proposed_LPA_Layered,accepted_trial,event_path_disconnected,fail_in_event_stream,2142,9486
small,6,6,1,26,,B2_GlobalAstar_Layered,accepted_trial,event_path_disconnected,fail_in_event_stream,2142,9486
small,6,6,3,2,,B4_Proposed_LPA_Layered,accepted_trial,event_path_disconnected,fail_in_event_stream,2142,9486
small,6,6,3,2,,B2_GlobalAstar_Layered,accepted_trial,event_path_disconnected,fail_in_event_stream,2142,9486
small,6,6,3,3,,B4_Proposed_LPA_Layered,accepted_trial,event_path_disconnected,fail_in_event_stream,2142,9486
small,6,6,3,3,,B2_GlobalAstar_Layered,accepted_trial,event_path_disconnected,fail_in_event_stream,2142,9486
small,6,6,3,4,,B4_Proposed_LPA_Layered,accepted_trial,event_path_disconnected,fail_in_event_stream,2142,9486
small,6,6,3,4,,B2_GlobalAstar_Layered,accepted_trial,event_path_disconnected,fail_in_event_stream,2142,9486
small,6,6,3,5,,B4_Proposed_LPA_Layered,accepted_trial,event_path_disconnected,fail_in_event_stream,2142,9486
small,6,6,3,5,,B2_GlobalAstar_Layered,accepted_trial,event_path_disconnected,fail_in_event_stream,2142,9486
small,6,6,3,7,,B4_Proposed_LPA_Layered,accepted_trial,event_path_disconnected,fail_in_event_stream,2142,9486
small,6,6,3,7,,B2_GlobalAstar_Layered,accepted_trial,event_path_disconnected,fail_in_event_stream,2142,9486
small,6,6,3,9,,B4_Proposed_LPA_Layered,accepted_trial,event_path_disconnected,fail_in_event_stream,2142,9486
small,6,6,3,9,,B2_GlobalAstar_Layered,accepted_trial,event_path_disconnected,fail_in_event_stream,2142,9486
small,6,6,3,10,,B4_Proposed_LPA_Layered,accepted_trial,event_path_disconnected,fail_in_event_stream,2142,9486
small,6,6,3,10,,B2_GlobalAstar_Layered,accepted_trial,event_path_disconnected,fail_in_event_stream,2142,9486
small,6,6,3,11,,B4_Proposed_LPA_Layered,accepted_trial,event_path_disconnected,fail_in_event_stream,2142,9486
small,6,6,3,11,,B2_GlobalAstar_Layered,accepted_trial,event_path_disconnected,fail_in_event_stream,2142,9486
small,6,6,3,13,,B4_Proposed_LPA_Layered,accepted_trial,event_path_disconnected,fail_in_event_stream,2142,9486
small,6,6,3,13,,B2_GlobalAstar_Layered,accepted_trial,event_path_disconnected,fail_in_event_stream,2142,9486
small,6,6,3,14,,B4_Proposed_LPA_Layered,accepted_trial,event_path_disconnected,fail_in_event_stream,2142,9486
small,6,6,3,14,,B2_GlobalAstar_Layered,accepted_trial,event_path_disconnected,fail_in_event_stream,2142,9486
small,6,6,3,15,,B4_Proposed_LPA_Layered,accepted_trial,event_path_disconnected,fail_in_event_stream,2142,9486
small,6,6,3,15,,B2_GlobalAstar_Layered,accepted_trial,event_path_disconnected,fail_in_event_stream,2142,9486
small,6,6,3,16,,B4_Proposed_LPA_Layered,accepted_trial,event_path_disconnected,fail_in_event_stream,2142,9486
small,6,6,3,16,,B2_GlobalAstar_Layered,accepted_trial,event_path_disconnected,fail_in_event_stream,2142,9486
small,6,6,3,17,,B4_Proposed_LPA_Layered,accepted_trial,event_path_disconnected,fail_in_event_stream,2142,9486
small,6,6,3,17,,B2_GlobalAstar_Layered,accepted_trial,event_path_disconnected,fail_in_event_stream,2142,9486
small,6,6,3,19,,B4_Proposed_LPA_Layered,accepted_trial,event_path_disconnected,fail_in_event_stream,2142,9486
small,6,6,3,19,,B2_GlobalAstar_Layered,accepted_trial,event_path_disconnected,fail_in_event_stream,2142,9486
small,6,6,3,20,,B4_Proposed_LPA_Layered,accepted_trial,event_path_disconnected,fail_in_event_stream,2142,9486
small,6,6,3,20,,B2_GlobalAstar_Layered,accepted_trial,event_path_disconnected,fail_in_event_stream,2142,9486
small,6,6,3,21,,B4_Proposed_LPA_Layered,accepted_trial,event_path_disconnected,fail_in_event_stream,2142,9486
small,6,6,3,21,,B2_GlobalAstar_Layered,accepted_trial,event_path_disconnected,fail_in_event_stream,2142,9486
small,6,6,3,22,,B4_Proposed_LPA_Layered,accepted_trial,event_path_disconnected,fail_in_event_stream,2142,9486
small,6,6,3,22,,B2_GlobalAstar_Layered,accepted_trial,event_path_disconnected,fail_in_event_stream,2142,9486
small,6,6,3,23,,B4_Proposed_LPA_Layered,accepted_trial,event_path_disconnected,fail_in_event_stream,2142,9486
small,6,6,3,23,,B2_GlobalAstar_Layered,accepted_trial,event_path_disconnected,fail_in_event_stream,2142,9486
small,6,6,3,24,,B4_Proposed_LPA_Layered,accepted_trial,event_path_disconnected,fail_in_event_stream,2142,9486
small,6,6,3,24,,B2_GlobalAstar_Layered,accepted_trial,event_path_disconnected,fail_in_event_stream,2142,9486
small,6,6,3,25,,B4_Proposed_LPA_Layered,accepted_trial,event_path_disconnected,fail_in_event_stream,2142,9486
small,6,6,3,25,,B2_GlobalAstar_Layered,accepted_trial,event_path_disconnected,fail_in_event_stream,2142,9486
small,6,6,3,26,,B4_Proposed_LPA_Layered,accepted_trial,event_path_disconnected,fail_in_event_stream,2142,9486
small,6,6,3,26,,B2_GlobalAstar_Layered,accepted_trial,event_path_disconnected,fail_in_event_stream,2142,9486
small,6,6,3,27,,B4_Proposed_LPA_Layered,accepted_trial,event_path_disconnected,fail_in_event_stream,2142,9486
small,6,6,3,27,,B2_GlobalAstar_Layered,accepted_trial,event_path_disconnected,fail_in_event_stream,2142,9486
small,6,6,3,28,,B4_Proposed_LPA_Layered,accepted_trial,event_path_disconnected,fail_in_event_stream,2142,9486
small,6,6,3,28,,B2_GlobalAstar_Layered,accepted_trial,event_path_disconnected,fail_in_event_stream,2142,9486
small,6,6,3,29,,B4_Proposed_LPA_Layered,accepted_trial,event_path_disconnected,fail_in_event_stream,2142,9486
small,6,6,3,29,,B2_GlobalAstar_Layered,accepted_trial,event_path_disconnected,fail_in_event_stream,2142,9486
small,6,6,3,30,,B4_Proposed_LPA_Layered,accepted_trial,event_path_disconnected,fail_in_event_stream,2142,9486
small,6,6,3,30,,B2_GlobalAstar_Layered,accepted_trial,event_path_disconnected,fail_in_event_stream,2142,9486
small,6,6,5,2,,B4_Proposed_LPA_Layered,accepted_trial,event_path_disconnected,fail_in_event_stream,2142,9486
small,6,6,5,2,,B2_GlobalAstar_Layered,accepted_trial,event_path_disconnected,fail_in_event_stream,2142,9486
small,6,6,5,4,,B4_Proposed_LPA_Layered,accepted_trial,event_path_disconnected,fail_in_event_stream,2142,9486
small,6,6,5,4,,B2_GlobalAstar_Layered,accepted_trial,event_path_disconnected,fail_in_event_stream,2142,9486
small,6,6,5,5,,B4_Proposed_LPA_Layered,accepted_trial,event_path_disconnected,fail_in_event_stream,2142,9486
small,6,6,5,5,,B2_GlobalAstar_Layered,accepted_trial,event_path_disconnected,fail_in_event_stream,2142,9486
small,6,6,5,7,,B4_Proposed_LPA_Layered,accepted_trial,event_path_disconnected,fail_in_event_stream,2142,9486
small,6,6,5,7,,B2_GlobalAstar_Layered,accepted_trial,event_path_disconnected,fail_in_event_stream,2142,9486
small,6,6,5,8,,B4_Proposed_LPA_Layered,accepted_trial,event_path_disconnected,fail_in_event_stream,2142,9486
small,6,6,5,8,,B2_GlobalAstar_Layered,accepted_trial,event_path_disconnected,fail_in_event_stream,2142,9486
small,6,6,5,10,,B4_Proposed_LPA_Layered,accepted_trial,event_path_disconnected,fail_in_event_stream,2142,9486
small,6,6,5,10,,B2_GlobalAstar_Layered,accepted_trial,event_path_disconnected,fail_in_event_stream,2142,9486
small,6,6,5,11,,B4_Proposed_LPA_Layered,accepted_trial,event_path_disconnected,fail_in_event_stream,2142,9486
small,6,6,5,11,,B2_GlobalAstar_Layered,accepted_trial,event_path_disconnected,fail_in_event_stream,2142,9486
small,6,6,5,12,,B4_Proposed_LPA_Layered,accepted_trial,event_path_disconnected,fail_in_event_stream,2142,9486
small,6,6,5,12,,B2_GlobalAstar_Layered,accepted_trial,event_path_disconnected,fail_in_event_stream,2142,9486
small,6,6,5,13,,B4_Proposed_LPA_Layered,accepted_trial,event_path_disconnected,fail_in_event_stream,2142,9486
small,6,6,5,13,,B2_GlobalAstar_Layered,accepted_trial,event_path_disconnected,fail_in_event_stream,2142,9486
small,6,6,5,14,,B4_Proposed_LPA_Layered,accepted_trial,event_path_disconnected,fail_in_event_stream,2142,9486
small,6,6,5,14,,B2_GlobalAstar_Layered,accepted_trial,event_path_disconnected,fail_in_event_stream,2142,9486
small,6,6,5,15,,B4_Proposed_LPA_Layered,accepted_trial,event_path_disconnected,fail_in_event_stream,2142,9486
small,6,6,5,15,,B2_GlobalAstar_Layered,accepted_trial,event_path_disconnected,fail_in_event_stream,2142,9486
small,6,6,5,16,,B4_Proposed_LPA_Layered,accepted_trial,event_path_disconnected,fail_in_event_stream,2142,9486
small,6,6,5,16,,B2_GlobalAstar_Layered,accepted_trial,event_path_disconnected,fail_in_event_stream,2142,9486
small,6,6,5,17,,B4_Proposed_LPA_Layered,accepted_trial,event_path_disconnected,fail_in_event_stream,2142,9486
small,6,6,5,17,,B2_GlobalAstar_Layered,accepted_trial,event_path_disconnected,fail_in_event_stream,2142,9486
small,6,6,5,19,,B4_Proposed_LPA_Layered,accepted_trial,event_path_disconnected,fail_in_event_stream,2142,9486
small,6,6,5,19,,B2_GlobalAstar_Layered,accepted_trial,event_path_disconnected,fail_in_event_stream,2142,9486
small,6,6,5,20,,B4_Proposed_LPA_Layered,accepted_trial,event_path_disconnected,fail_in_event_stream,2142,9486
small,6,6,5,20,,B2_GlobalAstar_Layered,accepted_trial,event_path_disconnected,fail_in_event_stream,2142,9486
small,6,6,5,21,,B4_Proposed_LPA_Layered,accepted_trial,event_path_disconnected,fail_in_event_stream,2142,9486
small,6,6,5,21,,B2_GlobalAstar_Layered,accepted_trial,event_path_disconnected,fail_in_event_stream,2142,9486
small,6,6,5,24,,B4_Proposed_LPA_Layered,accepted_trial,event_path_disconnected,fail_in_event_stream,2142,9486
small,6,6,5,24,,B2_GlobalAstar_Layered,accepted_trial,event_path_disconnected,fail_in_event_stream,2142,9486
small,6,6,5,26,,B4_Proposed_LPA_Layered,accepted_trial,event_path_disconnected,fail_in_event_stream,2142,9486
small,6,6,5,26,,B2_GlobalAstar_Layered,accepted_trial,event_path_disconnected,fail_in_event_stream,2142,9486
small,6,6,5,28,,B4_Proposed_LPA_Layered,accepted_trial,event_path_disconnected,fail_in_event_stream,2142,9486
small,6,6,5,28,,B2_GlobalAstar_Layered,accepted_trial,event_path_disconnected,fail_in_event_stream,2142,9486
small,6,6,5,29,,B4_Proposed_LPA_Layered,accepted_trial,event_path_disconnected,fail_in_event_stream,2142,9486
small,6,6,5,29,,B2_GlobalAstar_Layered,accepted_trial,event_path_disconnected,fail_in_event_stream,2142,9486
small,6,6,5,30,,B4_Proposed_LPA_Layered,accepted_trial,event_path_disconnected,fail_in_event_stream,2142,9486
small,6,6,5,30,,B2_GlobalAstar_Layered,accepted_trial,event_path_disconnected,fail_in_event_stream,2142,9486
small,6,6,7,2,,B4_Proposed_LPA_Layered,accepted_trial,event_path_disconnected,fail_in_event_stream,2142,9486
small,6,6,7,2,,B2_GlobalAstar_Layered,accepted_trial,event_path_disconnected,fail_in_event_stream,2142,9486
small,6,6,7,3,,B4_Proposed_LPA_Layered,accepted_trial,event_path_disconnected,fail_in_event_stream,2142,9486
small,6,6,7,3,,B2_GlobalAstar_Layered,accepted_trial,event_path_disconnected,fail_in_event_stream,2142,9486
small,6,6,7,4,,B4_Proposed_LPA_Layered,accepted_trial,event_path_disconnected,fail_in_event_stream,2142,9486
small,6,6,7,4,,B2_GlobalAstar_Layered,accepted_trial,event_path_disconnected,fail_in_event_stream,2142,9486
small,6,6,7,5,,B4_Proposed_LPA_Layered,accepted_trial,event_path_disconnected,fail_in_event_stream,2142,9486
small,6,6,7,5,,B2_GlobalAstar_Layered,accepted_trial,event_path_disconnected,fail_in_event_stream,2142,9486
small,6,6,7,6,,B4_Proposed_LPA_Layered,accepted_trial,event_path_disconnected,fail_in_event_stream,2142,9486
small,6,6,7,6,,B2_GlobalAstar_Layered,accepted_trial,event_path_disconnected,fail_in_event_stream,2142,9486
small,6,6,7,7,,B4_Proposed_LPA_Layered,accepted_trial,event_path_disconnected,fail_in_event_stream,2142,9486
small,6,6,7,7,,B2_GlobalAstar_Layered,accepted_trial,event_path_disconnected,fail_in_event_stream,2142,9486
small,6,6,7,8,,B4_Proposed_LPA_Layered,accepted_trial,event_path_disconnected,fail_in_event_stream,2142,9486
small,6,6,7,8,,B2_GlobalAstar_Layered,accepted_trial,event_path_disconnected,fail_in_event_stream,2142,9486
small,6,6,7,9,,B4_Proposed_LPA_Layered,accepted_trial,event_path_disconnected,fail_in_event_stream,2142,9486
small,6,6,7,9,,B2_GlobalAstar_Layered,accepted_trial,event_path_disconnected,fail_in_event_stream,2142,9486
small,6,6,7,10,,B4_Proposed_LPA_Layered,accepted_trial,event_path_disconnected,fail_in_event_stream,2142,9486
small,6,6,7,10,,B2_GlobalAstar_Layered,accepted_trial,event_path_disconnected,fail_in_event_stream,2142,9486
small,6,6,7,11,,B4_Proposed_LPA_Layered,accepted_trial,event_path_disconnected,fail_in_event_stream,2142,9486
small,6,6,7,11,,B2_GlobalAstar_Layered,accepted_trial,event_path_disconnected,fail_in_event_stream,2142,9486
small,6,6,7,12,,B4_Proposed_LPA_Layered,accepted_trial,event_path_disconnected,fail_in_event_stream,2142,9486
small,6,6,7,12,,B2_GlobalAstar_Layered,accepted_trial,event_path_disconnected,fail_in_event_stream,2142,9486
small,6,6,7,13,,B4_Proposed_LPA_Layered,accepted_trial,event_path_disconnected,fail_in_event_stream,2142,9486
small,6,6,7,13,,B2_GlobalAstar_Layered,accepted_trial,event_path_disconnected,fail_in_event_stream,2142,9486
small,6,6,7,14,,B4_Proposed_LPA_Layered,accepted_trial,event_path_disconnected,fail_in_event_stream,2142,9486
small,6,6,7,14,,B2_GlobalAstar_Layered,accepted_trial,event_path_disconnected,fail_in_event_stream,2142,9486
small,6,6,7,15,,B4_Proposed_LPA_Layered,accepted_trial,event_path_disconnected,fail_in_event_stream,2142,9486
small,6,6,7,15,,B2_GlobalAstar_Layered,accepted_trial,event_path_disconnected,fail_in_event_stream,2142,9486
small,6,6,7,16,,B4_Proposed_LPA_Layered,accepted_trial,event_path_disconnected,fail_in_event_stream,2142,9486
small,6,6,7,16,,B2_GlobalAstar_Layered,accepted_trial,event_path_disconnected,fail_in_event_stream,2142,9486
small,6,6,7,17,,B4_Proposed_LPA_Layered,accepted_trial,event_path_disconnected,fail_in_event_stream,2142,9486
small,6,6,7,17,,B2_GlobalAstar_Layered,accepted_trial,event_path_disconnected,fail_in_event_stream,2142,9486
small,6,6,7,18,,B4_Proposed_LPA_Layered,accepted_trial,event_path_disconnected,fail_in_event_stream,2142,9486
small,6,6,7,18,,B2_GlobalAstar_Layered,accepted_trial,event_path_disconnected,fail_in_event_stream,2142,9486
small,6,6,7,19,,B4_Proposed_LPA_Layered,accepted_trial,event_path_disconnected,fail_in_event_stream,2142,9486
small,6,6,7,19,,B2_GlobalAstar_Layered,accepted_trial,event_path_disconnected,fail_in_event_stream,2142,9486
small,6,6,7,21,,B4_Proposed_LPA_Layered,accepted_trial,event_path_disconnected,fail_in_event_stream,2142,9486
small,6,6,7,21,,B2_GlobalAstar_Layered,accepted_trial,event_path_disconnected,fail_in_event_stream,2142,9486
small,6,6,7,22,,B4_Proposed_LPA_Layered,accepted_trial,event_path_disconnected,fail_in_event_stream,2142,9486
small,6,6,7,22,,B2_GlobalAstar_Layered,accepted_trial,event_path_disconnected,fail_in_event_stream,2142,9486
small,6,6,7,24,,B4_Proposed_LPA_Layered,accepted_trial,event_path_disconnected,fail_in_event_stream,2142,9486
small,6,6,7,24,,B2_GlobalAstar_Layered,accepted_trial,event_path_disconnected,fail_in_event_stream,2142,9486
small,6,6,7,25,,B4_Proposed_LPA_Layered,accepted_trial,event_path_disconnected,fail_in_event_stream,2142,9486
small,6,6,7,25,,B2_GlobalAstar_Layered,accepted_trial,event_path_disconnected,fail_in_event_stream,2142,9486
small,6,6,7,26,,B4_Proposed_LPA_Layered,accepted_trial,event_path_disconnected,fail_in_event_stream,2142,9486
small,6,6,7,26,,B2_GlobalAstar_Layered,accepted_trial,event_path_disconnected,fail_in_event_stream,2142,9486
small,6,6,7,27,,B4_Proposed_LPA_Layered,accepted_trial,event_path_disconnected,fail_in_event_stream,2142,9486
small,6,6,7,27,,B2_GlobalAstar_Layered,accepted_trial,event_path_disconnected,fail_in_event_stream,2142,9486
small,6,6,7,28,,B4_Proposed_LPA_Layered,accepted_trial,event_path_disconnected,fail_in_event_stream,2142,9486
small,6,6,7,28,,B2_GlobalAstar_Layered,accepted_trial,event_path_disconnected,fail_in_event_stream,2142,9486
small,6,6,7,29,,B4_Proposed_LPA_Layered,accepted_trial,event_path_disconnected,fail_in_event_stream,2142,9486
small,6,6,7,29,,B2_GlobalAstar_Layered,accepted_trial,event_path_disconnected,fail_in_event_stream,2142,9486
small,6,6,7,30,,B4_Proposed_LPA_Layered,accepted_trial,event_path_disconnected,fail_in_event_stream,2142,9486
small,6,6,7,30,,B2_GlobalAstar_Layered,accepted_trial,event_path_disconnected,fail_in_event_stream,2142,9486
small,6,6,10,1,,B4_Proposed_LPA_Layered,accepted_trial,event_path_disconnected,fail_in_event_stream,2142,9486
small,6,6,10,1,,B2_GlobalAstar_Layered,accepted_trial,event_path_disconnected,fail_in_event_stream,2142,9486
small,6,6,10,2,,B4_Proposed_LPA_Layered,accepted_trial,event_path_disconnected,fail_in_event_stream,2142,9486
small,6,6,10,2,,B2_GlobalAstar_Layered,accepted_trial,event_path_disconnected,fail_in_event_stream,2142,9486
small,6,6,10,3,,B4_Proposed_LPA_Layered,accepted_trial,event_path_disconnected,fail_in_event_stream,2142,9486
small,6,6,10,3,,B2_GlobalAstar_Layered,accepted_trial,event_path_disconnected,fail_in_event_stream,2142,9486
small,6,6,10,4,,B4_Proposed_LPA_Layered,accepted_trial,event_path_disconnected,fail_in_event_stream,2142,9486
small,6,6,10,4,,B2_GlobalAstar_Layered,accepted_trial,event_path_disconnected,fail_in_event_stream,2142,9486
small,6,6,10,5,,B4_Proposed_LPA_Layered,accepted_trial,event_path_disconnected,fail_in_event_stream,2142,9486
small,6,6,10,5,,B2_GlobalAstar_Layered,accepted_trial,event_path_disconnected,fail_in_event_stream,2142,9486
small,6,6,10,6,,B4_Proposed_LPA_Layered,accepted_trial,event_path_disconnected,fail_in_event_stream,2142,9486
small,6,6,10,6,,B2_GlobalAstar_Layered,accepted_trial,event_path_disconnected,fail_in_event_stream,2142,9486
small,6,6,10,7,,B4_Proposed_LPA_Layered,accepted_trial,event_path_disconnected,fail_in_event_stream,2142,9486
small,6,6,10,7,,B2_GlobalAstar_Layered,accepted_trial,event_path_disconnected,fail_in_event_stream,2142,9486
small,6,6,10,8,,B4_Proposed_LPA_Layered,accepted_trial,event_path_disconnected,fail_in_event_stream,2142,9486
small,6,6,10,8,,B2_GlobalAstar_Layered,accepted_trial,event_path_disconnected,fail_in_event_stream,2142,9486
small,6,6,10,9,,B4_Proposed_LPA_Layered,accepted_trial,event_path_disconnected,fail_in_event_stream,2142,9486
small,6,6,10,9,,B2_GlobalAstar_Layered,accepted_trial,event_path_disconnected,fail_in_event_stream,2142,9486
small,6,6,10,10,,B4_Proposed_LPA_Layered,accepted_trial,event_path_disconnected,fail_in_event_stream,2142,9486
small,6,6,10,10,,B2_GlobalAstar_Layered,accepted_trial,event_path_disconnected,fail_in_event_stream,2142,9486
small,6,6,10,11,,B4_Proposed_LPA_Layered,accepted_trial,event_path_disconnected,fail_in_event_stream,2142,9486
small,6,6,10,11,,B2_GlobalAstar_Layered,accepted_trial,event_path_disconnected,fail_in_event_stream,2142,9486
small,6,6,10,13,,B4_Proposed_LPA_Layered,accepted_trial,event_path_disconnected,fail_in_event_stream,2142,9486
small,6,6,10,13,,B2_GlobalAstar_Layered,accepted_trial,event_path_disconnected,fail_in_event_stream,2142,9486
small,6,6,10,14,,B4_Proposed_LPA_Layered,accepted_trial,event_path_disconnected,fail_in_event_stream,2142,9486
small,6,6,10,14,,B2_GlobalAstar_Layered,accepted_trial,event_path_disconnected,fail_in_event_stream,2142,9486
small,6,6,10,15,,B4_Proposed_LPA_Layered,accepted_trial,event_path_disconnected,fail_in_event_stream,2142,9486
small,6,6,10,15,,B2_GlobalAstar_Layered,accepted_trial,event_path_disconnected,fail_in_event_stream,2142,9486
small,6,6,10,16,,B4_Proposed_LPA_Layered,accepted_trial,event_path_disconnected,fail_in_event_stream,2142,9486
small,6,6,10,16,,B2_GlobalAstar_Layered,accepted_trial,event_path_disconnected,fail_in_event_stream,2142,9486
small,6,6,10,17,,B4_Proposed_LPA_Layered,accepted_trial,event_path_disconnected,fail_in_event_stream,2142,9486
small,6,6,10,17,,B2_GlobalAstar_Layered,accepted_trial,event_path_disconnected,fail_in_event_stream,2142,9486
small,6,6,10,18,,B4_Proposed_LPA_Layered,accepted_trial,event_path_disconnected,fail_in_event_stream,2142,9486
small,6,6,10,18,,B2_GlobalAstar_Layered,accepted_trial,event_path_disconnected,fail_in_event_stream,2142,9486
small,6,6,10,19,,B4_Proposed_LPA_Layered,accepted_trial,event_path_disconnected,fail_in_event_stream,2142,9486
small,6,6,10,19,,B2_GlobalAstar_Layered,accepted_trial,event_path_disconnected,fail_in_event_stream,2142,9486
small,6,6,10,20,,B4_Proposed_LPA_Layered,accepted_trial,event_path_disconnected,fail_in_event_stream,2142,9486
small,6,6,10,20,,B2_GlobalAstar_Layered,accepted_trial,event_path_disconnected,fail_in_event_stream,2142,9486
small,6,6,10,21,,B4_Proposed_LPA_Layered,accepted_trial,event_path_disconnected,fail_in_event_stream,2142,9486
small,6,6,10,21,,B2_GlobalAstar_Layered,accepted_trial,event_path_disconnected,fail_in_event_stream,2142,9486
small,6,6,10,22,,B4_Proposed_LPA_Layered,accepted_trial,event_path_disconnected,fail_in_event_stream,2142,9486
small,6,6,10,22,,B2_GlobalAstar_Layered,accepted_trial,event_path_disconnected,fail_in_event_stream,2142,9486
small,6,6,10,23,,B4_Proposed_LPA_Layered,accepted_trial,event_path_disconnected,fail_in_event_stream,2142,9486
small,6,6,10,23,,B2_GlobalAstar_Layered,accepted_trial,event_path_disconnected,fail_in_event_stream,2142,9486
small,6,6,10,24,,B4_Proposed_LPA_Layered,accepted_trial,event_path_disconnected,fail_in_event_stream,2142,9486
small,6,6,10,24,,B2_GlobalAstar_Layered,accepted_trial,event_path_disconnected,fail_in_event_stream,2142,9486
small,6,6,10,25,,B4_Proposed_LPA_Layered,accepted_trial,event_path_disconnected,fail_in_event_stream,2142,9486
small,6,6,10,25,,B2_GlobalAstar_Layered,accepted_trial,event_path_disconnected,fail_in_event_stream,2142,9486
small,6,6,10,26,,B4_Proposed_LPA_Layered,accepted_trial,event_path_disconnected,fail_in_event_stream,2142,9486
small,6,6,10,26,,B2_GlobalAstar_Layered,accepted_trial,event_path_disconnected,fail_in_event_stream,2142,9486
small,6,6,10,27,,B4_Proposed_LPA_Layered,accepted_trial,event_path_disconnected,fail_in_event_stream,2142,9486
small,6,6,10,27,,B2_GlobalAstar_Layered,accepted_trial,event_path_disconnected,fail_in_event_stream,2142,9486
small,6,6,10,28,,B4_Proposed_LPA_Layered,accepted_trial,event_path_disconnected,fail_in_event_stream,2142,9486
small,6,6,10,28,,B2_GlobalAstar_Layered,accepted_trial,event_path_disconnected,fail_in_event_stream,2142,9486
small,6,6,10,29,,B4_Proposed_LPA_Layered,accepted_trial,event_path_disconnected,fail_in_event_stream,2142,9486
small,6,6,10,29,,B2_GlobalAstar_Layered,accepted_trial,event_path_disconnected,fail_in_event_stream,2142,9486
small,6,6,10,30,,B4_Proposed_LPA_Layered,accepted_trial,event_path_disconnected,fail_in_event_stream,2142,9486
small,6,6,10,30,,B2_GlobalAstar_Layered,accepted_trial,event_path_disconnected,fail_in_event_stream,2142,9486
small,8,8,1,1,,B4_Proposed_LPA_Layered,accepted_trial,event_path_disconnected,fail_in_event_stream,2142,9486
small,8,8,1,1,,B2_GlobalAstar_Layered,accepted_trial,event_path_disconnected,fail_in_event_stream,2142,9486
small,8,8,1,2,,B4_Proposed_LPA_Layered,accepted_trial,event_path_disconnected,fail_in_event_stream,2142,9486
small,8,8,1,2,,B2_GlobalAstar_Layered,accepted_trial,event_path_disconnected,fail_in_event_stream,2142,9486
small,8,8,1,3,,B4_Proposed_LPA_Layered,accepted_trial,event_path_disconnected,fail_in_event_stream,2142,9486
small,8,8,1,3,,B2_GlobalAstar_Layered,accepted_trial,event_path_disconnected,fail_in_event_stream,2142,9486
small,8,8,1,4,,B4_Proposed_LPA_Layered,accepted_trial,event_path_disconnected,fail_in_event_stream,2142,9486
small,8,8,1,4,,B2_GlobalAstar_Layered,accepted_trial,event_path_disconnected,fail_in_event_stream,2142,9486
small,8,8,1,6,,B4_Proposed_LPA_Layered,accepted_trial,event_path_disconnected,fail_in_event_stream,2142,9486
small,8,8,1,6,,B2_GlobalAstar_Layered,accepted_trial,event_path_disconnected,fail_in_event_stream,2142,9486
small,8,8,1,9,,B4_Proposed_LPA_Layered,accepted_trial,event_path_disconnected,fail_in_event_stream,2142,9486
small,8,8,1,9,,B2_GlobalAstar_Layered,accepted_trial,event_path_disconnected,fail_in_event_stream,2142,9486
small,8,8,1,10,,B4_Proposed_LPA_Layered,accepted_trial,event_path_disconnected,fail_in_event_stream,2142,9486
small,8,8,1,10,,B2_GlobalAstar_Layered,accepted_trial,event_path_disconnected,fail_in_event_stream,2142,9486
small,8,8,1,13,,B4_Proposed_LPA_Layered,accepted_trial,event_path_disconnected,fail_in_event_stream,2142,9486
small,8,8,1,13,,B2_GlobalAstar_Layered,accepted_trial,event_path_disconnected,fail_in_event_stream,2142,9486
small,8,8,1,14,,B4_Proposed_LPA_Layered,accepted_trial,event_path_disconnected,fail_in_event_stream,2142,9486
small,8,8,1,14,,B2_GlobalAstar_Layered,accepted_trial,event_path_disconnected,fail_in_event_stream,2142,9486
small,8,8,1,15,,B4_Proposed_LPA_Layered,accepted_trial,event_path_disconnected,fail_in_event_stream,2142,9486
small,8,8,1,15,,B2_GlobalAstar_Layered,accepted_trial,event_path_disconnected,fail_in_event_stream,2142,9486
small,8,8,1,16,,B4_Proposed_LPA_Layered,accepted_trial,event_path_disconnected,fail_in_event_stream,2142,9486
small,8,8,1,16,,B2_GlobalAstar_Layered,accepted_trial,event_path_disconnected,fail_in_event_stream,2142,9486
small,8,8,1,17,,B4_Proposed_LPA_Layered,accepted_trial,event_path_disconnected,fail_in_event_stream,2142,9486
small,8,8,1,17,,B2_GlobalAstar_Layered,accepted_trial,event_path_disconnected,fail_in_event_stream,2142,9486
small,8,8,1,19,,B4_Proposed_LPA_Layered,accepted_trial,event_path_disconnected,fail_in_event_stream,2142,9486
small,8,8,1,19,,B2_GlobalAstar_Layered,accepted_trial,event_path_disconnected,fail_in_event_stream,2142,9486
small,8,8,1,21,,B4_Proposed_LPA_Layered,accepted_trial,event_path_disconnected,fail_in_event_stream,2142,9486
small,8,8,1,21,,B2_GlobalAstar_Layered,accepted_trial,event_path_disconnected,fail_in_event_stream,2142,9486
small,8,8,1,23,,B4_Proposed_LPA_Layered,accepted_trial,event_path_disconnected,fail_in_event_stream,2142,9486
small,8,8,1,23,,B2_GlobalAstar_Layered,accepted_trial,event_path_disconnected,fail_in_event_stream,2142,9486
small,8,8,1,24,,B4_Proposed_LPA_Layered,accepted_trial,event_path_disconnected,fail_in_event_stream,2142,9486
small,8,8,1,24,,B2_GlobalAstar_Layered,accepted_trial,event_path_disconnected,fail_in_event_stream,2142,9486
small,8,8,1,28,,B4_Proposed_LPA_Layered,accepted_trial,event_path_disconnected,fail_in_event_stream,2142,9486
small,8,8,1,28,,B2_GlobalAstar_Layered,accepted_trial,event_path_disconnected,fail_in_event_stream,2142,9486
small,8,8,1,29,,B4_Proposed_LPA_Layered,accepted_trial,event_path_disconnected,fail_in_event_stream,2142,9486
small,8,8,1,29,,B2_GlobalAstar_Layered,accepted_trial,event_path_disconnected,fail_in_event_stream,2142,9486
small,8,8,1,30,,B4_Proposed_LPA_Layered,accepted_trial,event_path_disconnected,fail_in_event_stream,2142,9486
small,8,8,1,30,,B2_GlobalAstar_Layered,accepted_trial,event_path_disconnected,fail_in_event_stream,2142,9486
small,8,8,3,1,,B4_Proposed_LPA_Layered,accepted_trial,event_path_disconnected,fail_in_event_stream,2142,9486
small,8,8,3,1,,B2_GlobalAstar_Layered,accepted_trial,event_path_disconnected,fail_in_event_stream,2142,9486
small,8,8,3,2,,B4_Proposed_LPA_Layered,accepted_trial,event_path_disconnected,fail_in_event_stream,2142,9486
small,8,8,3,2,,B2_GlobalAstar_Layered,accepted_trial,event_path_disconnected,fail_in_event_stream,2142,9486
small,8,8,3,3,,B4_Proposed_LPA_Layered,accepted_trial,event_path_disconnected,fail_in_event_stream,2142,9486
small,8,8,3,3,,B2_GlobalAstar_Layered,accepted_trial,event_path_disconnected,fail_in_event_stream,2142,9486
small,8,8,3,4,,B4_Proposed_LPA_Layered,accepted_trial,event_path_disconnected,fail_in_event_stream,2142,9486
small,8,8,3,4,,B2_GlobalAstar_Layered,accepted_trial,event_path_disconnected,fail_in_event_stream,2142,9486
small,8,8,3,5,,B4_Proposed_LPA_Layered,accepted_trial,event_path_disconnected,fail_in_event_stream,2142,9486
small,8,8,3,5,,B2_GlobalAstar_Layered,accepted_trial,event_path_disconnected,fail_in_event_stream,2142,9486
small,8,8,3,6,,B4_Proposed_LPA_Layered,accepted_trial,event_path_disconnected,fail_in_event_stream,2142,9486
small,8,8,3,6,,B2_GlobalAstar_Layered,accepted_trial,event_path_disconnected,fail_in_event_stream,2142,9486
small,8,8,3,7,,B4_Proposed_LPA_Layered,accepted_trial,event_path_disconnected,fail_in_event_stream,2142,9486
small,8,8,3,7,,B2_GlobalAstar_Layered,accepted_trial,event_path_disconnected,fail_in_event_stream,2142,9486
small,8,8,3,8,,B4_Proposed_LPA_Layered,accepted_trial,event_path_disconnected,fail_in_event_stream,2142,9486
small,8,8,3,8,,B2_GlobalAstar_Layered,accepted_trial,event_path_disconnected,fail_in_event_stream,2142,9486
small,8,8,3,9,,B4_Proposed_LPA_Layered,accepted_trial,event_path_disconnected,fail_in_event_stream,2142,9486
small,8,8,3,9,,B2_GlobalAstar_Layered,accepted_trial,event_path_disconnected,fail_in_event_stream,2142,9486
small,8,8,3,10,,B4_Proposed_LPA_Layered,accepted_trial,event_path_disconnected,fail_in_event_stream,2142,9486
small,8,8,3,10,,B2_GlobalAstar_Layered,accepted_trial,event_path_disconnected,fail_in_event_stream,2142,9486
small,8,8,3,12,,B4_Proposed_LPA_Layered,accepted_trial,event_path_disconnected,fail_in_event_stream,2142,9486
small,8,8,3,12,,B2_GlobalAstar_Layered,accepted_trial,event_path_disconnected,fail_in_event_stream,2142,9486
small,8,8,3,13,,B4_Proposed_LPA_Layered,accepted_trial,event_path_disconnected,fail_in_event_stream,2142,9486
small,8,8,3,13,,B2_GlobalAstar_Layered,accepted_trial,event_path_disconnected,fail_in_event_stream,2142,9486
small,8,8,3,14,,B4_Proposed_LPA_Layered,accepted_trial,event_path_disconnected,fail_in_event_stream,2142,9486
small,8,8,3,14,,B2_GlobalAstar_Layered,accepted_trial,event_path_disconnected,fail_in_event_stream,2142,9486
small,8,8,3,15,,B4_Proposed_LPA_Layered,accepted_trial,event_path_disconnected,fail_in_event_stream,2142,9486
small,8,8,3,15,,B2_GlobalAstar_Layered,accepted_trial,event_path_disconnected,fail_in_event_stream,2142,9486
small,8,8,3,16,,B4_Proposed_LPA_Layered,accepted_trial,event_path_disconnected,fail_in_event_stream,2142,9486
small,8,8,3,16,,B2_GlobalAstar_Layered,accepted_trial,event_path_disconnected,fail_in_event_stream,2142,9486
small,8,8,3,17,,B4_Proposed_LPA_Layered,accepted_trial,event_path_disconnected,fail_in_event_stream,2142,9486
small,8,8,3,17,,B2_GlobalAstar_Layered,accepted_trial,event_path_disconnected,fail_in_event_stream,2142,9486
small,8,8,3,18,,B4_Proposed_LPA_Layered,accepted_trial,event_path_disconnected,fail_in_event_stream,2142,9486
small,8,8,3,18,,B2_GlobalAstar_Layered,accepted_trial,event_path_disconnected,fail_in_event_stream,2142,9486
small,8,8,3,19,,B4_Proposed_LPA_Layered,accepted_trial,event_path_disconnected,fail_in_event_stream,2142,9486
small,8,8,3,19,,B2_GlobalAstar_Layered,accepted_trial,event_path_disconnected,fail_in_event_stream,2142,9486
small,8,8,3,20,,B4_Proposed_LPA_Layered,accepted_trial,event_path_disconnected,fail_in_event_stream,2142,9486
small,8,8,3,20,,B2_GlobalAstar_Layered,accepted_trial,event_path_disconnected,fail_in_event_stream,2142,9486
small,8,8,3,21,,B4_Proposed_LPA_Layered,accepted_trial,event_path_disconnected,fail_in_event_stream,2142,9486
small,8,8,3,21,,B2_GlobalAstar_Layered,accepted_trial,event_path_disconnected,fail_in_event_stream,2142,9486
small,8,8,3,22,,B4_Proposed_LPA_Layered,accepted_trial,event_path_disconnected,fail_in_event_stream,2142,9486
small,8,8,3,22,,B2_GlobalAstar_Layered,accepted_trial,event_path_disconnected,fail_in_event_stream,2142,9486
small,8,8,3,23,,B4_Proposed_LPA_Layered,accepted_trial,event_path_disconnected,fail_in_event_stream,2142,9486
small,8,8,3,23,,B2_GlobalAstar_Layered,accepted_trial,event_path_disconnected,fail_in_event_stream,2142,9486
small,8,8,3,24,,B4_Proposed_LPA_Layered,accepted_trial,event_path_disconnected,fail_in_event_stream,2142,9486
small,8,8,3,24,,B2_GlobalAstar_Layered,accepted_trial,event_path_disconnected,fail_in_event_stream,2142,9486
small,8,8,3,25,,B4_Proposed_LPA_Layered,accepted_trial,event_path_disconnected,fail_in_event_stream,2142,9486
small,8,8,3,25,,B2_GlobalAstar_Layered,accepted_trial,event_path_disconnected,fail_in_event_stream,2142,9486
small,8,8,3,26,,B4_Proposed_LPA_Layered,accepted_trial,event_path_disconnected,fail_in_event_stream,2142,9486
small,8,8,3,26,,B2_GlobalAstar_Layered,accepted_trial,event_path_disconnected,fail_in_event_stream,2142,9486
small,8,8,3,27,,B4_Proposed_LPA_Layered,accepted_trial,event_path_disconnected,fail_in_event_stream,2142,9486
small,8,8,3,27,,B2_GlobalAstar_Layered,accepted_trial,event_path_disconnected,fail_in_event_stream,2142,9486
small,8,8,3,28,,B4_Proposed_LPA_Layered,accepted_trial,event_path_disconnected,fail_in_event_stream,2142,9486
small,8,8,3,28,,B2_GlobalAstar_Layered,accepted_trial,event_path_disconnected,fail_in_event_stream,2142,9486
small,8,8,3,29,,B4_Proposed_LPA_Layered,accepted_trial,event_path_disconnected,fail_in_event_stream,2142,9486
small,8,8,3,29,,B2_GlobalAstar_Layered,accepted_trial,event_path_disconnected,fail_in_event_stream,2142,9486
small,8,8,3,30,,B4_Proposed_LPA_Layered,accepted_trial,event_path_disconnected,fail_in_event_stream,2142,9486
small,8,8,3,30,,B2_GlobalAstar_Layered,accepted_trial,event_path_disconnected,fail_in_event_stream,2142,9486
small,8,8,5,1,,B4_Proposed_LPA_Layered,accepted_trial,event_path_disconnected,fail_in_event_stream,2142,9486
small,8,8,5,1,,B2_GlobalAstar_Layered,accepted_trial,event_path_disconnected,fail_in_event_stream,2142,9486
small,8,8,5,2,,B4_Proposed_LPA_Layered,accepted_trial,event_path_disconnected,fail_in_event_stream,2142,9486
small,8,8,5,2,,B2_GlobalAstar_Layered,accepted_trial,event_path_disconnected,fail_in_event_stream,2142,9486
small,8,8,5,3,,B4_Proposed_LPA_Layered,accepted_trial,event_path_disconnected,fail_in_event_stream,2142,9486
small,8,8,5,3,,B2_GlobalAstar_Layered,accepted_trial,event_path_disconnected,fail_in_event_stream,2142,9486
small,8,8,5,4,,B4_Proposed_LPA_Layered,accepted_trial,event_path_disconnected,fail_in_event_stream,2142,9486
small,8,8,5,4,,B2_GlobalAstar_Layered,accepted_trial,event_path_disconnected,fail_in_event_stream,2142,9486
small,8,8,5,5,,B4_Proposed_LPA_Layered,accepted_trial,event_path_disconnected,fail_in_event_stream,2142,9486
small,8,8,5,5,,B2_GlobalAstar_Layered,accepted_trial,event_path_disconnected,fail_in_event_stream,2142,9486
small,8,8,5,6,,B4_Proposed_LPA_Layered,accepted_trial,event_path_disconnected,fail_in_event_stream,2142,9486
small,8,8,5,6,,B2_GlobalAstar_Layered,accepted_trial,event_path_disconnected,fail_in_event_stream,2142,9486
small,8,8,5,7,,B4_Proposed_LPA_Layered,accepted_trial,event_path_disconnected,fail_in_event_stream,2142,9486
small,8,8,5,7,,B2_GlobalAstar_Layered,accepted_trial,event_path_disconnected,fail_in_event_stream,2142,9486
small,8,8,5,8,,B4_Proposed_LPA_Layered,accepted_trial,event_path_disconnected,fail_in_event_stream,2142,9486
small,8,8,5,8,,B2_GlobalAstar_Layered,accepted_trial,event_path_disconnected,fail_in_event_stream,2142,9486
small,8,8,5,9,,B4_Proposed_LPA_Layered,accepted_trial,event_path_disconnected,fail_in_event_stream,2142,9486
small,8,8,5,9,,B2_GlobalAstar_Layered,accepted_trial,event_path_disconnected,fail_in_event_stream,2142,9486
small,8,8,5,10,,B4_Proposed_LPA_Layered,accepted_trial,event_path_disconnected,fail_in_event_stream,2142,9486
small,8,8,5,10,,B2_GlobalAstar_Layered,accepted_trial,event_path_disconnected,fail_in_event_stream,2142,9486
small,8,8,5,11,,B4_Proposed_LPA_Layered,accepted_trial,event_path_disconnected,fail_in_event_stream,2142,9486
small,8,8,5,11,,B2_GlobalAstar_Layered,accepted_trial,event_path_disconnected,fail_in_event_stream,2142,9486
small,8,8,5,12,,B4_Proposed_LPA_Layered,accepted_trial,event_path_disconnected,fail_in_event_stream,2142,9486
small,8,8,5,12,,B2_GlobalAstar_Layered,accepted_trial,event_path_disconnected,fail_in_event_stream,2142,9486
small,8,8,5,13,,B4_Proposed_LPA_Layered,accepted_trial,event_path_disconnected,fail_in_event_stream,2142,9486
small,8,8,5,13,,B2_GlobalAstar_Layered,accepted_trial,event_path_disconnected,fail_in_event_stream,2142,9486
small,8,8,5,14,,B4_Proposed_LPA_Layered,accepted_trial,event_path_disconnected,fail_in_event_stream,2142,9486
small,8,8,5,14,,B2_GlobalAstar_Layered,accepted_trial,event_path_disconnected,fail_in_event_stream,2142,9486
small,8,8,5,15,,B4_Proposed_LPA_Layered,accepted_trial,event_path_disconnected,fail_in_event_stream,2142,9486
small,8,8,5,15,,B2_GlobalAstar_Layered,accepted_trial,event_path_disconnected,fail_in_event_stream,2142,9486
small,8,8,5,16,,B4_Proposed_LPA_Layered,accepted_trial,event_path_disconnected,fail_in_event_stream,2142,9486
small,8,8,5,16,,B2_GlobalAstar_Layered,accepted_trial,event_path_disconnected,fail_in_event_stream,2142,9486
small,8,8,5,17,,B4_Proposed_LPA_Layered,accepted_trial,event_path_disconnected,fail_in_event_stream,2142,9486
small,8,8,5,17,,B2_GlobalAstar_Layered,accepted_trial,event_path_disconnected,fail_in_event_stream,2142,9486
small,8,8,5,18,,B4_Proposed_LPA_Layered,accepted_trial,event_path_disconnected,fail_in_event_stream,2142,9486
small,8,8,5,18,,B2_GlobalAstar_Layered,accepted_trial,event_path_disconnected,fail_in_event_stream,2142,9486
small,8,8,5,19,,B4_Proposed_LPA_Layered,accepted_trial,event_path_disconnected,fail_in_event_stream,2142,9486
small,8,8,5,19,,B2_GlobalAstar_Layered,accepted_trial,event_path_disconnected,fail_in_event_stream,2142,9486
small,8,8,5,20,,B4_Proposed_LPA_Layered,accepted_trial,event_path_disconnected,fail_in_event_stream,2142,9486
small,8,8,5,20,,B2_GlobalAstar_Layered,accepted_trial,event_path_disconnected,fail_in_event_stream,2142,9486
small,8,8,5,21,,B4_Proposed_LPA_Layered,accepted_trial,event_path_disconnected,fail_in_event_stream,2142,9486
small,8,8,5,21,,B2_GlobalAstar_Layered,accepted_trial,event_path_disconnected,fail_in_event_stream,2142,9486
small,8,8,5,22,,B4_Proposed_LPA_Layered,accepted_trial,event_path_disconnected,fail_in_event_stream,2142,9486
small,8,8,5,22,,B2_GlobalAstar_Layered,accepted_trial,event_path_disconnected,fail_in_event_stream,2142,9486
small,8,8,5,23,,B4_Proposed_LPA_Layered,accepted_trial,event_path_disconnected,fail_in_event_stream,2142,9486
small,8,8,5,23,,B2_GlobalAstar_Layered,accepted_trial,event_path_disconnected,fail_in_event_stream,2142,9486
small,8,8,5,24,,B4_Proposed_LPA_Layered,accepted_trial,event_path_disconnected,fail_in_event_stream,2142,9486
small,8,8,5,24,,B2_GlobalAstar_Layered,accepted_trial,event_path_disconnected,fail_in_event_stream,2142,9486
small,8,8,5,25,,B4_Proposed_LPA_Layered,accepted_trial,event_path_disconnected,fail_in_event_stream,2142,9486
small,8,8,5,25,,B2_GlobalAstar_Layered,accepted_trial,event_path_disconnected,fail_in_event_stream,2142,9486
small,8,8,5,26,,B4_Proposed_LPA_Layered,accepted_trial,event_path_disconnected,fail_in_event_stream,2142,9486
small,8,8,5,26,,B2_GlobalAstar_Layered,accepted_trial,event_path_disconnected,fail_in_event_stream,2142,9486
small,8,8,5,27,,B4_Proposed_LPA_Layered,accepted_trial,event_path_disconnected,fail_in_event_stream,2142,9486
small,8,8,5,27,,B2_GlobalAstar_Layered,accepted_trial,event_path_disconnected,fail_in_event_stream,2142,9486
small,8,8,5,28,,B4_Proposed_LPA_Layered,accepted_trial,event_path_disconnected,fail_in_event_stream,2142,9486
small,8,8,5,28,,B2_GlobalAstar_Layered,accepted_trial,event_path_disconnected,fail_in_event_stream,2142,9486
small,8,8,5,29,,B4_Proposed_LPA_Layered,accepted_trial,event_path_disconnected,fail_in_event_stream,2142,9486
small,8,8,5,29,,B2_GlobalAstar_Layered,accepted_trial,event_path_disconnected,fail_in_event_stream,2142,9486
small,8,8,5,30,,B4_Proposed_LPA_Layered,accepted_trial,event_path_disconnected,fail_in_event_stream,2142,9486
small,8,8,5,30,,B2_GlobalAstar_Layered,accepted_trial,event_path_disconnected,fail_in_event_stream,2142,9486
small,8,8,7,1,,B4_Proposed_LPA_Layered,accepted_trial,event_path_disconnected,fail_in_event_stream,2142,9486
small,8,8,7,1,,B2_GlobalAstar_Layered,accepted_trial,event_path_disconnected,fail_in_event_stream,2142,9486
small,8,8,7,2,,B4_Proposed_LPA_Layered,accepted_trial,event_path_disconnected,fail_in_event_stream,2142,9486
small,8,8,7,2,,B2_GlobalAstar_Layered,accepted_trial,event_path_disconnected,fail_in_event_stream,2142,9486
small,8,8,7,3,,B4_Proposed_LPA_Layered,accepted_trial,event_path_disconnected,fail_in_event_stream,2142,9486
small,8,8,7,3,,B2_GlobalAstar_Layered,accepted_trial,event_path_disconnected,fail_in_event_stream,2142,9486
small,8,8,7,4,,B4_Proposed_LPA_Layered,accepted_trial,event_path_disconnected,fail_in_event_stream,2142,9486
small,8,8,7,4,,B2_GlobalAstar_Layered,accepted_trial,event_path_disconnected,fail_in_event_stream,2142,9486
small,8,8,7,5,,B4_Proposed_LPA_Layered,accepted_trial,event_path_disconnected,fail_in_event_stream,2142,9486
small,8,8,7,5,,B2_GlobalAstar_Layered,accepted_trial,event_path_disconnected,fail_in_event_stream,2142,9486
small,8,8,7,6,,B4_Proposed_LPA_Layered,accepted_trial,event_path_disconnected,fail_in_event_stream,2142,9486
small,8,8,7,6,,B2_GlobalAstar_Layered,accepted_trial,event_path_disconnected,fail_in_event_stream,2142,9486
small,8,8,7,7,,B4_Proposed_LPA_Layered,accepted_trial,event_path_disconnected,fail_in_event_stream,2142,9486
small,8,8,7,7,,B2_GlobalAstar_Layered,accepted_trial,event_path_disconnected,fail_in_event_stream,2142,9486
small,8,8,7,8,,B4_Proposed_LPA_Layered,accepted_trial,event_path_disconnected,fail_in_event_stream,2142,9486
small,8,8,7,8,,B2_GlobalAstar_Layered,accepted_trial,event_path_disconnected,fail_in_event_stream,2142,9486
small,8,8,7,9,,B4_Proposed_LPA_Layered,accepted_trial,event_path_disconnected,fail_in_event_stream,2142,9486
small,8,8,7,9,,B2_GlobalAstar_Layered,accepted_trial,event_path_disconnected,fail_in_event_stream,2142,9486
small,8,8,7,10,,B4_Proposed_LPA_Layered,accepted_trial,event_path_disconnected,fail_in_event_stream,2142,9486
small,8,8,7,10,,B2_GlobalAstar_Layered,accepted_trial,event_path_disconnected,fail_in_event_stream,2142,9486
small,8,8,7,11,,B4_Proposed_LPA_Layered,accepted_trial,event_path_disconnected,fail_in_event_stream,2142,9486
small,8,8,7,11,,B2_GlobalAstar_Layered,accepted_trial,event_path_disconnected,fail_in_event_stream,2142,9486
small,8,8,7,12,,B4_Proposed_LPA_Layered,accepted_trial,event_path_disconnected,fail_in_event_stream,2142,9486
small,8,8,7,12,,B2_GlobalAstar_Layered,accepted_trial,event_path_disconnected,fail_in_event_stream,2142,9486
small,8,8,7,13,,B4_Proposed_LPA_Layered,accepted_trial,event_path_disconnected,fail_in_event_stream,2142,9486
small,8,8,7,13,,B2_GlobalAstar_Layered,accepted_trial,event_path_disconnected,fail_in_event_stream,2142,9486
small,8,8,7,14,,B4_Proposed_LPA_Layered,accepted_trial,event_path_disconnected,fail_in_event_stream,2142,9486
small,8,8,7,14,,B2_GlobalAstar_Layered,accepted_trial,event_path_disconnected,fail_in_event_stream,2142,9486
small,8,8,7,15,,B4_Proposed_LPA_Layered,accepted_trial,event_path_disconnected,fail_in_event_stream,2142,9486
small,8,8,7,15,,B2_GlobalAstar_Layered,accepted_trial,event_path_disconnected,fail_in_event_stream,2142,9486
small,8,8,7,16,,B4_Proposed_LPA_Layered,accepted_trial,event_path_disconnected,fail_in_event_stream,2142,9486
small,8,8,7,16,,B2_GlobalAstar_Layered,accepted_trial,event_path_disconnected,fail_in_event_stream,2142,9486
small,8,8,7,17,,B4_Proposed_LPA_Layered,accepted_trial,event_path_disconnected,fail_in_event_stream,2142,9486
small,8,8,7,17,,B2_GlobalAstar_Layered,accepted_trial,event_path_disconnected,fail_in_event_stream,2142,9486
small,8,8,7,18,,B4_Proposed_LPA_Layered,accepted_trial,event_path_disconnected,fail_in_event_stream,2142,9486
small,8,8,7,18,,B2_GlobalAstar_Layered,accepted_trial,event_path_disconnected,fail_in_event_stream,2142,9486
small,8,8,7,19,,B4_Proposed_LPA_Layered,accepted_trial,event_path_disconnected,fail_in_event_stream,2142,9486
small,8,8,7,19,,B2_GlobalAstar_Layered,accepted_trial,event_path_disconnected,fail_in_event_stream,2142,9486
small,8,8,7,20,,B4_Proposed_LPA_Layered,accepted_trial,event_path_disconnected,fail_in_event_stream,2142,9486
small,8,8,7,20,,B2_GlobalAstar_Layered,accepted_trial,event_path_disconnected,fail_in_event_stream,2142,9486
small,8,8,7,21,,B4_Proposed_LPA_Layered,accepted_trial,event_path_disconnected,fail_in_event_stream,2142,9486
small,8,8,7,21,,B2_GlobalAstar_Layered,accepted_trial,event_path_disconnected,fail_in_event_stream,2142,9486
small,8,8,7,22,,B4_Proposed_LPA_Layered,accepted_trial,event_path_disconnected,fail_in_event_stream,2142,9486
small,8,8,7,22,,B2_GlobalAstar_Layered,accepted_trial,event_path_disconnected,fail_in_event_stream,2142,9486
small,8,8,7,23,,B4_Proposed_LPA_Layered,accepted_trial,event_path_disconnected,fail_in_event_stream,2142,9486
small,8,8,7,23,,B2_GlobalAstar_Layered,accepted_trial,event_path_disconnected,fail_in_event_stream,2142,9486
small,8,8,7,24,,B4_Proposed_LPA_Layered,accepted_trial,event_path_disconnected,fail_in_event_stream,2142,9486
small,8,8,7,24,,B2_GlobalAstar_Layered,accepted_trial,event_path_disconnected,fail_in_event_stream,2142,9486
small,8,8,7,25,,B4_Proposed_LPA_Layered,accepted_trial,event_path_disconnected,fail_in_event_stream,2142,9486
small,8,8,7,25,,B2_GlobalAstar_Layered,accepted_trial,event_path_disconnected,fail_in_event_stream,2142,9486
small,8,8,7,26,,B4_Proposed_LPA_Layered,accepted_trial,event_path_disconnected,fail_in_event_stream,2142,9486
small,8,8,7,26,,B2_GlobalAstar_Layered,accepted_trial,event_path_disconnected,fail_in_event_stream,2142,9486
small,8,8,7,27,,B4_Proposed_LPA_Layered,accepted_trial,event_path_disconnected,fail_in_event_stream,2142,9486
small,8,8,7,27,,B2_GlobalAstar_Layered,accepted_trial,event_path_disconnected,fail_in_event_stream,2142,9486
small,8,8,7,29,,B4_Proposed_LPA_Layered,accepted_trial,event_path_disconnected,fail_in_event_stream,2142,9486
small,8,8,7,29,,B2_GlobalAstar_Layered,accepted_trial,event_path_disconnected,fail_in_event_stream,2142,9486
small,8,8,7,30,,B4_Proposed_LPA_Layered,accepted_trial,event_path_disconnected,fail_in_event_stream,2142,9486
small,8,8,7,30,,B2_GlobalAstar_Layered,accepted_trial,event_path_disconnected,fail_in_event_stream,2142,9486
small,8,8,10,1,,B4_Proposed_LPA_Layered,accepted_trial,event_path_disconnected,fail_in_event_stream,2142,9486
small,8,8,10,1,,B2_GlobalAstar_Layered,accepted_trial,event_path_disconnected,fail_in_event_stream,2142,9486
small,8,8,10,2,,B4_Proposed_LPA_Layered,accepted_trial,event_path_disconnected,fail_in_event_stream,2142,9486
small,8,8,10,2,,B2_GlobalAstar_Layered,accepted_trial,event_path_disconnected,fail_in_event_stream,2142,9486
small,8,8,10,3,,B4_Proposed_LPA_Layered,accepted_trial,event_path_disconnected,fail_in_event_stream,2142,9486
small,8,8,10,3,,B2_GlobalAstar_Layered,accepted_trial,event_path_disconnected,fail_in_event_stream,2142,9486
small,8,8,10,4,,B4_Proposed_LPA_Layered,accepted_trial,event_path_disconnected,fail_in_event_stream,2142,9486
small,8,8,10,4,,B2_GlobalAstar_Layered,accepted_trial,event_path_disconnected,fail_in_event_stream,2142,9486
small,8,8,10,5,,B4_Proposed_LPA_Layered,accepted_trial,event_path_disconnected,fail_in_event_stream,2142,9486
small,8,8,10,5,,B2_GlobalAstar_Layered,accepted_trial,event_path_disconnected,fail_in_event_stream,2142,9486
small,8,8,10,6,,B4_Proposed_LPA_Layered,accepted_trial,event_path_disconnected,fail_in_event_stream,2142,9486
small,8,8,10,6,,B2_GlobalAstar_Layered,accepted_trial,event_path_disconnected,fail_in_event_stream,2142,9486
small,8,8,10,7,,B4_Proposed_LPA_Layered,accepted_trial,event_path_disconnected,fail_in_event_stream,2142,9486
small,8,8,10,7,,B2_GlobalAstar_Layered,accepted_trial,event_path_disconnected,fail_in_event_stream,2142,9486
small,8,8,10,8,,B4_Proposed_LPA_Layered,accepted_trial,event_path_disconnected,fail_in_event_stream,2142,9486
small,8,8,10,8,,B2_GlobalAstar_Layered,accepted_trial,event_path_disconnected,fail_in_event_stream,2142,9486
small,8,8,10,9,,B4_Proposed_LPA_Layered,accepted_trial,event_path_disconnected,fail_in_event_stream,2142,9486
small,8,8,10,9,,B2_GlobalAstar_Layered,accepted_trial,event_path_disconnected,fail_in_event_stream,2142,9486
small,8,8,10,10,,B4_Proposed_LPA_Layered,accepted_trial,event_path_disconnected,fail_in_event_stream,2142,9486
small,8,8,10,10,,B2_GlobalAstar_Layered,accepted_trial,event_path_disconnected,fail_in_event_stream,2142,9486
small,8,8,10,11,,B4_Proposed_LPA_Layered,accepted_trial,event_path_disconnected,fail_in_event_stream,2142,9486
small,8,8,10,11,,B2_GlobalAstar_Layered,accepted_trial,event_path_disconnected,fail_in_event_stream,2142,9486
small,8,8,10,12,,B4_Proposed_LPA_Layered,accepted_trial,event_path_disconnected,fail_in_event_stream,2142,9486
small,8,8,10,12,,B2_GlobalAstar_Layered,accepted_trial,event_path_disconnected,fail_in_event_stream,2142,9486
small,8,8,10,13,,B4_Proposed_LPA_Layered,accepted_trial,event_path_disconnected,fail_in_event_stream,2142,9486
small,8,8,10,13,,B2_GlobalAstar_Layered,accepted_trial,event_path_disconnected,fail_in_event_stream,2142,9486
small,8,8,10,14,,B4_Proposed_LPA_Layered,accepted_trial,event_path_disconnected,fail_in_event_stream,2142,9486
small,8,8,10,14,,B2_GlobalAstar_Layered,accepted_trial,event_path_disconnected,fail_in_event_stream,2142,9486
small,8,8,10,15,,B4_Proposed_LPA_Layered,accepted_trial,event_path_disconnected,fail_in_event_stream,2142,9486
small,8,8,10,15,,B2_GlobalAstar_Layered,accepted_trial,event_path_disconnected,fail_in_event_stream,2142,9486
small,8,8,10,16,,B4_Proposed_LPA_Layered,accepted_trial,event_path_disconnected,fail_in_event_stream,2142,9486
small,8,8,10,16,,B2_GlobalAstar_Layered,accepted_trial,event_path_disconnected,fail_in_event_stream,2142,9486
small,8,8,10,17,,B4_Proposed_LPA_Layered,accepted_trial,event_path_disconnected,fail_in_event_stream,2142,9486
small,8,8,10,17,,B2_GlobalAstar_Layered,accepted_trial,event_path_disconnected,fail_in_event_stream,2142,9486
small,8,8,10,18,,B4_Proposed_LPA_Layered,accepted_trial,event_path_disconnected,fail_in_event_stream,2142,9486
small,8,8,10,18,,B2_GlobalAstar_Layered,accepted_trial,event_path_disconnected,fail_in_event_stream,2142,9486
small,8,8,10,19,,B4_Proposed_LPA_Layered,accepted_trial,event_path_disconnected,fail_in_event_stream,2142,9486
small,8,8,10,19,,B2_GlobalAstar_Layered,accepted_trial,event_path_disconnected,fail_in_event_stream,2142,9486
small,8,8,10,20,,B4_Proposed_LPA_Layered,accepted_trial,event_path_disconnected,fail_in_event_stream,2142,9486
small,8,8,10,20,,B2_GlobalAstar_Layered,accepted_trial,event_path_disconnected,fail_in_event_stream,2142,9486
small,8,8,10,21,,B4_Proposed_LPA_Layered,accepted_trial,event_path_disconnected,fail_in_event_stream,2142,9486
small,8,8,10,21,,B2_GlobalAstar_Layered,accepted_trial,event_path_disconnected,fail_in_event_stream,2142,9486
small,8,8,10,22,,B4_Proposed_LPA_Layered,accepted_trial,event_path_disconnected,fail_in_event_stream,2142,9486
small,8,8,10,22,,B2_GlobalAstar_Layered,accepted_trial,event_path_disconnected,fail_in_event_stream,2142,9486
small,8,8,10,23,,B4_Proposed_LPA_Layered,accepted_trial,event_path_disconnected,fail_in_event_stream,2142,9486
small,8,8,10,23,,B2_GlobalAstar_Layered,accepted_trial,event_path_disconnected,fail_in_event_stream,2142,9486
small,8,8,10,24,,B4_Proposed_LPA_Layered,accepted_trial,event_path_disconnected,fail_in_event_stream,2142,9486
small,8,8,10,24,,B2_GlobalAstar_Layered,accepted_trial,event_path_disconnected,fail_in_event_stream,2142,9486
small,8,8,10,25,,B4_Proposed_LPA_Layered,accepted_trial,event_path_disconnected,fail_in_event_stream,2142,9486
small,8,8,10,25,,B2_GlobalAstar_Layered,accepted_trial,event_path_disconnected,fail_in_event_stream,2142,9486
small,8,8,10,26,,B4_Proposed_LPA_Layered,accepted_trial,event_path_disconnected,fail_in_event_stream,2142,9486
small,8,8,10,26,,B2_GlobalAstar_Layered,accepted_trial,event_path_disconnected,fail_in_event_stream,2142,9486
small,8,8,10,27,,B4_Proposed_LPA_Layered,accepted_trial,event_path_disconnected,fail_in_event_stream,2142,9486
small,8,8,10,27,,B2_GlobalAstar_Layered,accepted_trial,event_path_disconnected,fail_in_event_stream,2142,9486
small,8,8,10,28,,B4_Proposed_LPA_Layered,accepted_trial,event_path_disconnected,fail_in_event_stream,2142,9486
small,8,8,10,28,,B2_GlobalAstar_Layered,accepted_trial,event_path_disconnected,fail_in_event_stream,2142,9486
small,8,8,10,29,,B4_Proposed_LPA_Layered,accepted_trial,event_path_disconnected,fail_in_event_stream,2142,9486
small,8,8,10,29,,B2_GlobalAstar_Layered,accepted_trial,event_path_disconnected,fail_in_event_stream,2142,9486
small,8,8,10,30,,B4_Proposed_LPA_Layered,accepted_trial,event_path_disconnected,fail_in_event_stream,2142,9486
small,8,8,10,30,,B2_GlobalAstar_Layered,accepted_trial,event_path_disconnected,fail_in_event_stream,2142,9486
medium,4,4,5,18,,B4_Proposed_LPA_Layered,accepted_trial,event_path_disconnected,fail_in_event_stream,3109,13300
medium,4,4,5,18,,B2_GlobalAstar_Layered,accepted_trial,event_path_disconnected,fail_in_event_stream,3109,13300
medium,4,4,10,5,,B4_Proposed_LPA_Layered,accepted_trial,event_path_disconnected,fail_in_event_stream,3109,13300
medium,4,4,10,5,,B2_GlobalAstar_Layered,accepted_trial,event_path_disconnected,fail_in_event_stream,3109,13300
medium,4,4,10,7,,B4_Proposed_LPA_Layered,accepted_trial,event_path_disconnected,fail_in_event_stream,3109,13300
medium,4,4,10,7,,B2_GlobalAstar_Layered,accepted_trial,event_path_disconnected,fail_in_event_stream,3109,13300
medium,4,4,10,20,,B4_Proposed_LPA_Layered,accepted_trial,event_path_disconnected,fail_in_event_stream,3109,13300
medium,4,4,10,20,,B2_GlobalAstar_Layered,accepted_trial,event_path_disconnected,fail_in_event_stream,3109,13300
medium,6,6,1,3,,B4_Proposed_LPA_Layered,accepted_trial,event_path_disconnected,fail_in_event_stream,3109,13300
medium,6,6,1,3,,B2_GlobalAstar_Layered,accepted_trial,event_path_disconnected,fail_in_event_stream,3109,13300
medium,6,6,3,8,,B4_Proposed_LPA_Layered,accepted_trial,event_path_disconnected,fail_in_event_stream,3109,13300
medium,6,6,3,8,,B2_GlobalAstar_Layered,accepted_trial,event_path_disconnected,fail_in_event_stream,3109,13300
medium,6,6,3,9,,B4_Proposed_LPA_Layered,accepted_trial,event_path_disconnected,fail_in_event_stream,3109,13300
medium,6,6,3,9,,B2_GlobalAstar_Layered,accepted_trial,event_path_disconnected,fail_in_event_stream,3109,13300
medium,6,6,3,29,,B4_Proposed_LPA_Layered,accepted_trial,event_path_disconnected,fail_in_event_stream,3109,13300
medium,6,6,3,29,,B2_GlobalAstar_Layered,accepted_trial,event_path_disconnected,fail_in_event_stream,3109,13300
medium,6,6,5,1,,B4_Proposed_LPA_Layered,accepted_trial,event_path_disconnected,fail_in_event_stream,3109,13300
medium,6,6,5,1,,B2_GlobalAstar_Layered,accepted_trial,event_path_disconnected,fail_in_event_stream,3109,13300
medium,6,6,5,6,,B4_Proposed_LPA_Layered,accepted_trial,event_path_disconnected,fail_in_event_stream,3109,13300
medium,6,6,5,6,,B2_GlobalAstar_Layered,accepted_trial,event_path_disconnected,fail_in_event_stream,3109,13300
medium,6,6,5,7,,B4_Proposed_LPA_Layered,accepted_trial,event_path_disconnected,fail_in_event_stream,3109,13300
medium,6,6,5,7,,B2_GlobalAstar_Layered,accepted_trial,event_path_disconnected,fail_in_event_stream,3109,13300
medium,6,6,5,17,,B4_Proposed_LPA_Layered,accepted_trial,event_path_disconnected,fail_in_event_stream,3109,13300
medium,6,6,5,17,,B2_GlobalAstar_Layered,accepted_trial,event_path_disconnected,fail_in_event_stream,3109,13300
medium,6,6,5,20,,B4_Proposed_LPA_Layered,accepted_trial,event_path_disconnected,fail_in_event_stream,3109,13300
medium,6,6,5,20,,B2_GlobalAstar_Layered,accepted_trial,event_path_disconnected,fail_in_event_stream,3109,13300
medium,6,6,5,26,,B4_Proposed_LPA_Layered,accepted_trial,event_path_disconnected,fail_in_event_stream,3109,13300
medium,6,6,5,26,,B2_GlobalAstar_Layered,accepted_trial,event_path_disconnected,fail_in_event_stream,3109,13300
medium,6,6,7,5,,B4_Proposed_LPA_Layered,accepted_trial,event_path_disconnected,fail_in_event_stream,3109,13300
medium,6,6,7,5,,B2_GlobalAstar_Layered,accepted_trial,event_path_disconnected,fail_in_event_stream,3109,13300
medium,6,6,7,8,,B4_Proposed_LPA_Layered,accepted_trial,event_path_disconnected,fail_in_event_stream,3109,13300
medium,6,6,7,8,,B2_GlobalAstar_Layered,accepted_trial,event_path_disconnected,fail_in_event_stream,3109,13300
medium,6,6,7,12,,B4_Proposed_LPA_Layered,accepted_trial,event_path_disconnected,fail_in_event_stream,3109,13300
medium,6,6,7,12,,B2_GlobalAstar_Layered,accepted_trial,event_path_disconnected,fail_in_event_stream,3109,13300
medium,6,6,10,1,,B4_Proposed_LPA_Layered,accepted_trial,event_path_disconnected,fail_in_event_stream,3109,13300
medium,6,6,10,1,,B2_GlobalAstar_Layered,accepted_trial,event_path_disconnected,fail_in_event_stream,3109,13300
medium,6,6,10,10,,B4_Proposed_LPA_Layered,accepted_trial,event_path_disconnected,fail_in_event_stream,3109,13300
medium,6,6,10,10,,B2_GlobalAstar_Layered,accepted_trial,event_path_disconnected,fail_in_event_stream,3109,13300
medium,6,6,10,16,,B4_Proposed_LPA_Layered,accepted_trial,event_path_disconnected,fail_in_event_stream,3109,13300
medium,6,6,10,16,,B2_GlobalAstar_Layered,accepted_trial,event_path_disconnected,fail_in_event_stream,3109,13300
medium,6,6,10,22,,B4_Proposed_LPA_Layered,accepted_trial,event_path_disconnected,fail_in_event_stream,3109,13300
medium,6,6,10,22,,B2_GlobalAstar_Layered,accepted_trial,event_path_disconnected,fail_in_event_stream,3109,13300
medium,6,6,10,24,,B4_Proposed_LPA_Layered,accepted_trial,event_path_disconnected,fail_in_event_stream,3109,13300
medium,6,6,10,24,,B2_GlobalAstar_Layered,accepted_trial,event_path_disconnected,fail_in_event_stream,3109,13300
medium,6,6,10,29,,B4_Proposed_LPA_Layered,accepted_trial,event_path_disconnected,fail_in_event_stream,3109,13300
medium,6,6,10,29,,B2_GlobalAstar_Layered,accepted_trial,event_path_disconnected,fail_in_event_stream,3109,13300
medium,8,8,1,5,,B4_Proposed_LPA_Layered,accepted_trial,event_path_disconnected,fail_in_event_stream,3109,13300
medium,8,8,1,5,,B2_GlobalAstar_Layered,accepted_trial,event_path_disconnected,fail_in_event_stream,3109,13300
medium,8,8,1,8,,B4_Proposed_LPA_Layered,accepted_trial,event_path_disconnected,fail_in_event_stream,3109,13300
medium,8,8,1,8,,B2_GlobalAstar_Layered,accepted_trial,event_path_disconnected,fail_in_event_stream,3109,13300
medium,8,8,1,13,,B4_Proposed_LPA_Layered,accepted_trial,event_path_disconnected,fail_in_event_stream,3109,13300
medium,8,8,1,13,,B2_GlobalAstar_Layered,accepted_trial,event_path_disconnected,fail_in_event_stream,3109,13300
medium,8,8,1,25,,B4_Proposed_LPA_Layered,accepted_trial,event_path_disconnected,fail_in_event_stream,3109,13300
medium,8,8,1,25,,B2_GlobalAstar_Layered,accepted_trial,event_path_disconnected,fail_in_event_stream,3109,13300
medium,8,8,1,29,,B4_Proposed_LPA_Layered,accepted_trial,event_path_disconnected,fail_in_event_stream,3109,13300
medium,8,8,1,29,,B2_GlobalAstar_Layered,accepted_trial,event_path_disconnected,fail_in_event_stream,3109,13300
medium,8,8,3,1,,B4_Proposed_LPA_Layered,accepted_trial,event_path_disconnected,fail_in_event_stream,3109,13300
medium,8,8,3,1,,B2_GlobalAstar_Layered,accepted_trial,event_path_disconnected,fail_in_event_stream,3109,13300
medium,8,8,3,2,,B4_Proposed_LPA_Layered,accepted_trial,event_path_disconnected,fail_in_event_stream,3109,13300
medium,8,8,3,2,,B2_GlobalAstar_Layered,accepted_trial,event_path_disconnected,fail_in_event_stream,3109,13300
medium,8,8,3,4,,B4_Proposed_LPA_Layered,accepted_trial,event_path_disconnected,fail_in_event_stream,3109,13300
medium,8,8,3,4,,B2_GlobalAstar_Layered,accepted_trial,event_path_disconnected,fail_in_event_stream,3109,13300
medium,8,8,3,6,,B4_Proposed_LPA_Layered,accepted_trial,event_path_disconnected,fail_in_event_stream,3109,13300
medium,8,8,3,6,,B2_GlobalAstar_Layered,accepted_trial,event_path_disconnected,fail_in_event_stream,3109,13300
medium,8,8,3,7,,B4_Proposed_LPA_Layered,accepted_trial,event_path_disconnected,fail_in_event_stream,3109,13300
medium,8,8,3,7,,B2_GlobalAstar_Layered,accepted_trial,event_path_disconnected,fail_in_event_stream,3109,13300
medium,8,8,3,9,,B4_Proposed_LPA_Layered,accepted_trial,event_path_disconnected,fail_in_event_stream,3109,13300
medium,8,8,3,9,,B2_GlobalAstar_Layered,accepted_trial,event_path_disconnected,fail_in_event_stream,3109,13300
medium,8,8,3,14,,B4_Proposed_LPA_Layered,accepted_trial,event_path_disconnected,fail_in_event_stream,3109,13300
medium,8,8,3,14,,B2_GlobalAstar_Layered,accepted_trial,event_path_disconnected,fail_in_event_stream,3109,13300
medium,8,8,3,15,,B4_Proposed_LPA_Layered,accepted_trial,event_path_disconnected,fail_in_event_stream,3109,13300
medium,8,8,3,15,,B2_GlobalAstar_Layered,accepted_trial,event_path_disconnected,fail_in_event_stream,3109,13300
medium,8,8,3,16,,B4_Proposed_LPA_Layered,accepted_trial,event_path_disconnected,fail_in_event_stream,3109,13300
medium,8,8,3,16,,B2_GlobalAstar_Layered,accepted_trial,event_path_disconnected,fail_in_event_stream,3109,13300
medium,8,8,3,22,,B4_Proposed_LPA_Layered,accepted_trial,event_path_disconnected,fail_in_event_stream,3109,13300
medium,8,8,3,22,,B2_GlobalAstar_Layered,accepted_trial,event_path_disconnected,fail_in_event_stream,3109,13300
medium,8,8,3,28,,B4_Proposed_LPA_Layered,accepted_trial,event_path_disconnected,fail_in_event_stream,3109,13300
medium,8,8,3,28,,B2_GlobalAstar_Layered,accepted_trial,event_path_disconnected,fail_in_event_stream,3109,13300
medium,8,8,5,1,,B4_Proposed_LPA_Layered,accepted_trial,event_path_disconnected,fail_in_event_stream,3109,13300
medium,8,8,5,1,,B2_GlobalAstar_Layered,accepted_trial,event_path_disconnected,fail_in_event_stream,3109,13300
medium,8,8,5,2,,B4_Proposed_LPA_Layered,accepted_trial,event_path_disconnected,fail_in_event_stream,3109,13300
medium,8,8,5,2,,B2_GlobalAstar_Layered,accepted_trial,event_path_disconnected,fail_in_event_stream,3109,13300
medium,8,8,5,4,,B4_Proposed_LPA_Layered,accepted_trial,event_path_disconnected,fail_in_event_stream,3109,13300
medium,8,8,5,4,,B2_GlobalAstar_Layered,accepted_trial,event_path_disconnected,fail_in_event_stream,3109,13300
medium,8,8,5,5,,B4_Proposed_LPA_Layered,accepted_trial,event_path_disconnected,fail_in_event_stream,3109,13300
medium,8,8,5,5,,B2_GlobalAstar_Layered,accepted_trial,event_path_disconnected,fail_in_event_stream,3109,13300
medium,8,8,5,6,,B4_Proposed_LPA_Layered,accepted_trial,event_path_disconnected,fail_in_event_stream,3109,13300
medium,8,8,5,6,,B2_GlobalAstar_Layered,accepted_trial,event_path_disconnected,fail_in_event_stream,3109,13300
medium,8,8,5,7,,B4_Proposed_LPA_Layered,accepted_trial,event_path_disconnected,fail_in_event_stream,3109,13300
medium,8,8,5,7,,B2_GlobalAstar_Layered,accepted_trial,event_path_disconnected,fail_in_event_stream,3109,13300
medium,8,8,5,11,,B4_Proposed_LPA_Layered,accepted_trial,event_path_disconnected,fail_in_event_stream,3109,13300
medium,8,8,5,11,,B2_GlobalAstar_Layered,accepted_trial,event_path_disconnected,fail_in_event_stream,3109,13300
medium,8,8,5,13,,B4_Proposed_LPA_Layered,accepted_trial,event_path_disconnected,fail_in_event_stream,3109,13300
medium,8,8,5,13,,B2_GlobalAstar_Layered,accepted_trial,event_path_disconnected,fail_in_event_stream,3109,13300
medium,8,8,5,14,,B4_Proposed_LPA_Layered,accepted_trial,event_path_disconnected,fail_in_event_stream,3109,13300
medium,8,8,5,14,,B2_GlobalAstar_Layered,accepted_trial,event_path_disconnected,fail_in_event_stream,3109,13300
medium,8,8,5,27,,B4_Proposed_LPA_Layered,accepted_trial,event_path_disconnected,fail_in_event_stream,3109,13300
medium,8,8,5,27,,B2_GlobalAstar_Layered,accepted_trial,event_path_disconnected,fail_in_event_stream,3109,13300
medium,8,8,5,28,,B4_Proposed_LPA_Layered,accepted_trial,event_path_disconnected,fail_in_event_stream,3109,13300
medium,8,8,5,28,,B2_GlobalAstar_Layered,accepted_trial,event_path_disconnected,fail_in_event_stream,3109,13300
medium,8,8,7,4,,B4_Proposed_LPA_Layered,accepted_trial,event_path_disconnected,fail_in_event_stream,3109,13300
medium,8,8,7,4,,B2_GlobalAstar_Layered,accepted_trial,event_path_disconnected,fail_in_event_stream,3109,13300
medium,8,8,7,6,,B4_Proposed_LPA_Layered,accepted_trial,event_path_disconnected,fail_in_event_stream,3109,13300
medium,8,8,7,6,,B2_GlobalAstar_Layered,accepted_trial,event_path_disconnected,fail_in_event_stream,3109,13300
medium,8,8,7,7,,B4_Proposed_LPA_Layered,accepted_trial,event_path_disconnected,fail_in_event_stream,3109,13300
medium,8,8,7,7,,B2_GlobalAstar_Layered,accepted_trial,event_path_disconnected,fail_in_event_stream,3109,13300
medium,8,8,7,10,,B4_Proposed_LPA_Layered,accepted_trial,event_path_disconnected,fail_in_event_stream,3109,13300
medium,8,8,7,10,,B2_GlobalAstar_Layered,accepted_trial,event_path_disconnected,fail_in_event_stream,3109,13300
medium,8,8,7,11,,B4_Proposed_LPA_Layered,accepted_trial,event_path_disconnected,fail_in_event_stream,3109,13300
medium,8,8,7,11,,B2_GlobalAstar_Layered,accepted_trial,event_path_disconnected,fail_in_event_stream,3109,13300
medium,8,8,7,17,,B4_Proposed_LPA_Layered,accepted_trial,event_path_disconnected,fail_in_event_stream,3109,13300
medium,8,8,7,17,,B2_GlobalAstar_Layered,accepted_trial,event_path_disconnected,fail_in_event_stream,3109,13300
medium,8,8,7,19,,B4_Proposed_LPA_Layered,accepted_trial,event_path_disconnected,fail_in_event_stream,3109,13300
medium,8,8,7,19,,B2_GlobalAstar_Layered,accepted_trial,event_path_disconnected,fail_in_event_stream,3109,13300
medium,8,8,7,21,,B4_Proposed_LPA_Layered,accepted_trial,event_path_disconnected,fail_in_event_stream,3109,13300
medium,8,8,7,21,,B2_GlobalAstar_Layered,accepted_trial,event_path_disconnected,fail_in_event_stream,3109,13300
medium,8,8,7,22,,B4_Proposed_LPA_Layered,accepted_trial,event_path_disconnected,fail_in_event_stream,3109,13300
medium,8,8,7,22,,B2_GlobalAstar_Layered,accepted_trial,event_path_disconnected,fail_in_event_stream,3109,13300
medium,8,8,7,23,,B4_Proposed_LPA_Layered,accepted_trial,event_path_disconnected,fail_in_event_stream,3109,13300
medium,8,8,7,23,,B2_GlobalAstar_Layered,accepted_trial,event_path_disconnected,fail_in_event_stream,3109,13300
medium,8,8,7,24,,B4_Proposed_LPA_Layered,accepted_trial,event_path_disconnected,fail_in_event_stream,3109,13300
medium,8,8,7,24,,B2_GlobalAstar_Layered,accepted_trial,event_path_disconnected,fail_in_event_stream,3109,13300
medium,8,8,7,26,,B4_Proposed_LPA_Layered,accepted_trial,event_path_disconnected,fail_in_event_stream,3109,13300
medium,8,8,7,26,,B2_GlobalAstar_Layered,accepted_trial,event_path_disconnected,fail_in_event_stream,3109,13300
medium,8,8,7,27,,B4_Proposed_LPA_Layered,accepted_trial,event_path_disconnected,fail_in_event_stream,3109,13300
medium,8,8,7,27,,B2_GlobalAstar_Layered,accepted_trial,event_path_disconnected,fail_in_event_stream,3109,13300
medium,8,8,7,29,,B4_Proposed_LPA_Layered,accepted_trial,event_path_disconnected,fail_in_event_stream,3109,13300
medium,8,8,7,29,,B2_GlobalAstar_Layered,accepted_trial,event_path_disconnected,fail_in_event_stream,3109,13300
medium,8,8,10,1,,B4_Proposed_LPA_Layered,accepted_trial,event_path_disconnected,fail_in_event_stream,3109,13300
medium,8,8,10,1,,B2_GlobalAstar_Layered,accepted_trial,event_path_disconnected,fail_in_event_stream,3109,13300
medium,8,8,10,2,,B4_Proposed_LPA_Layered,accepted_trial,event_path_disconnected,fail_in_event_stream,3109,13300
medium,8,8,10,2,,B2_GlobalAstar_Layered,accepted_trial,event_path_disconnected,fail_in_event_stream,3109,13300
medium,8,8,10,6,,B4_Proposed_LPA_Layered,accepted_trial,event_path_disconnected,fail_in_event_stream,3109,13300
medium,8,8,10,6,,B2_GlobalAstar_Layered,accepted_trial,event_path_disconnected,fail_in_event_stream,3109,13300
medium,8,8,10,8,,B4_Proposed_LPA_Layered,accepted_trial,event_path_disconnected,fail_in_event_stream,3109,13300
medium,8,8,10,8,,B2_GlobalAstar_Layered,accepted_trial,event_path_disconnected,fail_in_event_stream,3109,13300
medium,8,8,10,10,,B4_Proposed_LPA_Layered,accepted_trial,event_path_disconnected,fail_in_event_stream,3109,13300
medium,8,8,10,10,,B2_GlobalAstar_Layered,accepted_trial,event_path_disconnected,fail_in_event_stream,3109,13300
medium,8,8,10,11,,B4_Proposed_LPA_Layered,accepted_trial,event_path_disconnected,fail_in_event_stream,3109,13300
medium,8,8,10,11,,B2_GlobalAstar_Layered,accepted_trial,event_path_disconnected,fail_in_event_stream,3109,13300
medium,8,8,10,12,,B4_Proposed_LPA_Layered,accepted_trial,event_path_disconnected,fail_in_event_stream,3109,13300
medium,8,8,10,12,,B2_GlobalAstar_Layered,accepted_trial,event_path_disconnected,fail_in_event_stream,3109,13300
medium,8,8,10,13,,B4_Proposed_LPA_Layered,accepted_trial,event_path_disconnected,fail_in_event_stream,3109,13300
medium,8,8,10,13,,B2_GlobalAstar_Layered,accepted_trial,event_path_disconnected,fail_in_event_stream,3109,13300
medium,8,8,10,15,,B4_Proposed_LPA_Layered,accepted_trial,event_path_disconnected,fail_in_event_stream,3109,13300
medium,8,8,10,15,,B2_GlobalAstar_Layered,accepted_trial,event_path_disconnected,fail_in_event_stream,3109,13300
medium,8,8,10,17,,B4_Proposed_LPA_Layered,accepted_trial,event_path_disconnected,fail_in_event_stream,3109,13300
medium,8,8,10,17,,B2_GlobalAstar_Layered,accepted_trial,event_path_disconnected,fail_in_event_stream,3109,13300
medium,8,8,10,18,,B4_Proposed_LPA_Layered,accepted_trial,event_path_disconnected,fail_in_event_stream,3109,13300
medium,8,8,10,18,,B2_GlobalAstar_Layered,accepted_trial,event_path_disconnected,fail_in_event_stream,3109,13300
medium,8,8,10,22,,B4_Proposed_LPA_Layered,accepted_trial,event_path_disconnected,fail_in_event_stream,3109,13300
medium,8,8,10,22,,B2_GlobalAstar_Layered,accepted_trial,event_path_disconnected,fail_in_event_stream,3109,13300
medium,8,8,10,25,,B4_Proposed_LPA_Layered,accepted_trial,event_path_disconnected,fail_in_event_stream,3109,13300
medium,8,8,10,25,,B2_GlobalAstar_Layered,accepted_trial,event_path_disconnected,fail_in_event_stream,3109,13300
medium,8,8,10,26,,B4_Proposed_LPA_Layered,accepted_trial,event_path_disconnected,fail_in_event_stream,3109,13300
medium,8,8,10,26,,B2_GlobalAstar_Layered,accepted_trial,event_path_disconnected,fail_in_event_stream,3109,13300
large,8,8,7,12,,B4_Proposed_LPA_Layered,accepted_trial,event_path_disconnected,fail_in_event_stream,6758,23728
large,8,8,7,12,,B2_GlobalAstar_Layered,accepted_trial,event_path_disconnected,fail_in_event_stream,6758,23728
large,8,8,7,21,,B4_Proposed_LPA_Layered,accepted_trial,event_path_disconnected,fail_in_event_stream,6758,23728
large,8,8,7,21,,B2_GlobalAstar_Layered,accepted_trial,event_path_disconnected,fail_in_event_stream,6758,23728
large,8,8,7,24,,B4_Proposed_LPA_Layered,accepted_trial,event_path_disconnected,fail_in_event_stream,6758,23728
large,8,8,7,24,,B2_GlobalAstar_Layered,accepted_trial,event_path_disconnected,fail_in_event_stream,6758,23728
large,8,8,10,6,,B4_Proposed_LPA_Layered,accepted_trial,event_path_disconnected,fail_in_event_stream,6758,23728
large,8,8,10,6,,B2_GlobalAstar_Layered,accepted_trial,event_path_disconnected,fail_in_event_stream,6758,23728
